cod_cand,lista,num_lista,cod_lista,desc_lista
1347096,0,16,415559,UNIONE POPOLARE CON DE MAGISTRIS
1347097,0,16,415559,UNIONE POPOLARE CON DE MAGISTRIS
1347116,0,12,415702,UNIONE POPOLARE CON DE MAGISTRIS
1347118,0,4,415681,VITA
1347119,0,5,415685,UNIONE POPOLARE CON DE MAGISTRIS
1347120,0,1,415656,ITALEXIT PER L'ITALIA
1347121,0,2,415660,ITALIA SOVRANA E POPOLARE
1347122,0,3,415677,ALTERNATIVA PER L'ITALIA - NO GREEN PASS
1347123,0,4,415681,VITA
1347124,0,5,415685,UNIONE POPOLARE CON DE MAGISTRIS
1347133,0,14,415571,UNIONE POPOLARE CON DE MAGISTRIS
1347134,0,14,415571,UNIONE POPOLARE CON DE MAGISTRIS
1347135,0,14,415571,UNIONE POPOLARE CON DE MAGISTRIS
1347142,0,1,415447,MASTELLA NOI DI CENTRO EUROPEISTI
1347184,0,11,415427,MOVIMENTO 5 STELLE
1347196,0,16,415556,UNIONE POPOLARE CON DE MAGISTRIS
1347225,0,1,415447,MASTELLA NOI DI CENTRO EUROPEISTI
1347282,0,11,415427,MOVIMENTO 5 STELLE
1347285,0,11,415430,MOVIMENTO 5 STELLE
1347286,0,11,415430,MOVIMENTO 5 STELLE
1347287,0,11,415430,MOVIMENTO 5 STELLE
1347290,0,16,415556,UNIONE POPOLARE CON DE MAGISTRIS
1347293,0,16,415559,UNIONE POPOLARE CON DE MAGISTRIS
1347296,0,15,415564,ITALIA SOVRANA E POPOLARE
1347297,0,15,415564,ITALIA SOVRANA E POPOLARE
1347298,0,15,415564,ITALIA SOVRANA E POPOLARE
1347309,0,15,415688,ITALIA SOVRANA E POPOLARE
1347310,0,15,415688,ITALIA SOVRANA E POPOLARE
1347327,0,12,415699,UNIONE POPOLARE CON DE MAGISTRIS
1347328,0,12,415699,UNIONE POPOLARE CON DE MAGISTRIS
1347334,0,12,415702,UNIONE POPOLARE CON DE MAGISTRIS
1347335,0,12,415702,UNIONE POPOLARE CON DE MAGISTRIS
1347336,0,1,415656,ITALEXIT PER L'ITALIA
1347337,0,2,415660,ITALIA SOVRANA E POPOLARE
1347338,0,3,415677,ALTERNATIVA PER L'ITALIA - NO GREEN PASS
1347341,0,14,415568,UNIONE POPOLARE CON DE MAGISTRIS
1347342,0,14,415568,UNIONE POPOLARE CON DE MAGISTRIS
1347448,0,7,415645,VITA
1347449,0,11,415831,MOVIMENTO 5 STELLE
1347453,0,10,415838,VITA
1347456,0,1,415655,MOVIMENTO 5 STELLE
1347468,0,11,415828,MOVIMENTO 5 STELLE
1347512,0,2,415473,UNIONE POPOLARE CON DE MAGISTRIS
1347513,0,2,415473,UNIONE POPOLARE CON DE MAGISTRIS
1347522,0,16,415624,ITALIA SOVRANA E POPOLARE
1347525,0,16,415624,ITALIA SOVRANA E POPOLARE
1347539,0,7,415645,VITA
1347551,0,1,415655,MOVIMENTO 5 STELLE
1347572,0,10,415835,VITA
1347573,0,10,415835,VITA
1347609,0,10,415838,VITA
1347610,0,11,415831,MOVIMENTO 5 STELLE
1347613,0,11,415831,MOVIMENTO 5 STELLE
1347614,0,10,415838,VITA
1347639,0,11,415828,MOVIMENTO 5 STELLE
1347652,0,13,415493,ITALIA SOVRANA E POPOLARE
1347654,0,13,415493,ITALIA SOVRANA E POPOLARE
1347669,0,13,415496,ITALIA SOVRANA E POPOLARE
1347672,0,13,415496,ITALIA SOVRANA E POPOLARE
1347674,0,13,415496,ITALIA SOVRANA E POPOLARE
1347707,0,6,415852,ITALEXIT PER L'ITALIA
1347712,0,14,415485,UNIONE POPOLARE CON DE MAGISTRIS
1347715,0,9,415489,ITALIA SOVRANA E POPOLARE
1347716,0,8,415491,ITALEXIT PER L'ITALIA
1347722,0,2,415893,UNIONE POPOLARE CON DE MAGISTRIS
1347723,0,2,415893,UNIONE POPOLARE CON DE MAGISTRIS
1347726,0,10,415537,ITALEXIT PER L'ITALIA
1347730,0,15,415904,MASTELLA NOI DI CENTRO EUROPEISTI
1347735,0,6,415914,MOVIMENTO 5 STELLE
1347736,0,6,415914,MOVIMENTO 5 STELLE
1347741,0,17,415907,ITALEXIT PER L'ITALIA
1347743,0,17,415907,ITALEXIT PER L'ITALIA
1347749,0,17,415910,ITALEXIT PER L'ITALIA
1347750,0,17,415910,ITALEXIT PER L'ITALIA
1347752,0,17,415910,ITALEXIT PER L'ITALIA
1347763,0,6,415544,PARTITO COMUNISTA ITALIANO
1347765,0,6,415544,PARTITO COMUNISTA ITALIANO
1347766,0,6,415544,PARTITO COMUNISTA ITALIANO
1347767,0,6,415544,PARTITO COMUNISTA ITALIANO
1347806,0,6,415852,ITALEXIT PER L'ITALIA
1347807,0,6,415852,ITALEXIT PER L'ITALIA
1347808,0,6,415848,ITALEXIT PER L'ITALIA
1347809,0,6,415848,ITALEXIT PER L'ITALIA
1347810,0,6,415848,ITALEXIT PER L'ITALIA
1347820,0,1,415888,ITALIA SOVRANA E POPOLARE
1347821,0,1,415888,ITALIA SOVRANA E POPOLARE
1347822,0,1,415888,ITALIA SOVRANA E POPOLARE
1347825,0,2,415893,UNIONE POPOLARE CON DE MAGISTRIS
1347826,0,4,415507,VITA
1347827,0,2,415893,UNIONE POPOLARE CON DE MAGISTRIS
1347828,0,4,415507,VITA
1347829,0,4,415507,VITA
1347830,0,4,415507,VITA
1347862,0,18,415969,MASTELLA NOI DI CENTRO EUROPEISTI
1347867,0,15,415976,MOVIMENTO 5 STELLE
1347892,0,1,415888,ITALIA SOVRANA E POPOLARE
1347912,0,10,415537,ITALEXIT PER L'ITALIA
1347915,0,15,415904,MASTELLA NOI DI CENTRO EUROPEISTI
1347934,0,5,415932,ITALEXIT PER L'ITALIA
1347936,0,5,415932,ITALEXIT PER L'ITALIA
1347937,0,5,415932,ITALEXIT PER L'ITALIA
1347938,0,5,415932,ITALEXIT PER L'ITALIA
1347972,0,3,416919,PARTITO DEMOCRATICO - ITALIA DEMOCRATICA E PROGRESSISTA
1347972,1,4,417125,+EUROPA
1347972,2,5,416979,ALLEANZA VERDI E SINISTRA
1347972,3,6,416111,IMPEGNO CIVICO LUIGI DI MAIO - CENTRO DEMOCRATICO
1347973,0,3,416919,PARTITO DEMOCRATICO - ITALIA DEMOCRATICA E PROGRESSISTA
1347973,1,4,417125,+EUROPA
1347973,2,5,416979,ALLEANZA VERDI E SINISTRA
1347973,3,6,416111,IMPEGNO CIVICO LUIGI DI MAIO - CENTRO DEMOCRATICO
1347983,0,16,416011,ITALIA SOVRANA E POPOLARE
1347984,0,16,416011,ITALIA SOVRANA E POPOLARE
1347985,0,16,416011,ITALIA SOVRANA E POPOLARE
1347987,0,16,416011,ITALIA SOVRANA E POPOLARE
1347989,0,16,416011,ITALIA SOVRANA E POPOLARE
1347993,0,15,415979,MOVIMENTO 5 STELLE
1347994,0,15,415979,MOVIMENTO 5 STELLE
1347995,0,15,415979,MOVIMENTO 5 STELLE
1348020,0,6,416135,UNIONE POPOLARE CON DE MAGISTRIS
1348023,0,6,416135,UNIONE POPOLARE CON DE MAGISTRIS
1348026,0,6,416135,UNIONE POPOLARE CON DE MAGISTRIS
1348028,0,11,416071,MOVIMENTO 5 STELLE
1348030,0,6,416135,UNIONE POPOLARE CON DE MAGISTRIS
1348034,0,11,416071,MOVIMENTO 5 STELLE
1348044,0,11,416071,MOVIMENTO 5 STELLE
1348047,0,11,416076,MOVIMENTO 5 STELLE
1348048,0,11,416076,MOVIMENTO 5 STELLE
1348049,0,11,416076,MOVIMENTO 5 STELLE
1348052,0,11,416076,MOVIMENTO 5 STELLE
1348073,0,9,419562,+EUROPA
1348073,1,10,419599,PARTITO DEMOCRATICO - ITALIA DEMOCRATICA E PROGRESSISTA
1348073,2,11,416047,IMPEGNO CIVICO LUIGI DI MAIO - CENTRO DEMOCRATICO
1348073,3,12,419580,ALLEANZA VERDI E SINISTRA
1348076,0,9,419562,+EUROPA
1348076,1,10,419599,PARTITO DEMOCRATICO - ITALIA DEMOCRATICA E PROGRESSISTA
1348076,2,11,416047,IMPEGNO CIVICO LUIGI DI MAIO - CENTRO DEMOCRATICO
1348076,3,12,419580,ALLEANZA VERDI E SINISTRA
1348110,0,6,416135,UNIONE POPOLARE CON DE MAGISTRIS
1348115,0,11,416067,MOVIMENTO 5 STELLE
1348116,0,3,416922,PARTITO DEMOCRATICO - ITALIA DEMOCRATICA E PROGRESSISTA
1348116,1,4,417128,+EUROPA
1348116,2,5,416982,ALLEANZA VERDI E SINISTRA
1348116,3,6,416114,IMPEGNO CIVICO LUIGI DI MAIO - CENTRO DEMOCRATICO
1348121,0,7,415951,UNIONE POPOLARE CON DE MAGISTRIS
1348125,0,7,415951,UNIONE POPOLARE CON DE MAGISTRIS
1348129,0,7,415955,UNIONE POPOLARE CON DE MAGISTRIS
1348139,0,11,416071,MOVIMENTO 5 STELLE
1348140,0,2,416268,ITALEXIT PER L'ITALIA
1348141,0,2,416268,ITALEXIT PER L'ITALIA
1348148,0,7,415955,UNIONE POPOLARE CON DE MAGISTRIS
1348150,0,7,415955,UNIONE POPOLARE CON DE MAGISTRIS
1348151,0,2,416271,ITALEXIT PER L'ITALIA
1348153,0,2,416271,ITALEXIT PER L'ITALIA
1348155,0,2,416271,ITALEXIT PER L'ITALIA
1348191,0,7,415951,UNIONE POPOLARE CON DE MAGISTRIS
1348193,0,3,416922,PARTITO DEMOCRATICO - ITALIA DEMOCRATICA E PROGRESSISTA
1348193,1,4,417128,+EUROPA
1348193,2,5,416982,ALLEANZA VERDI E SINISTRA
1348193,3,6,416114,IMPEGNO CIVICO LUIGI DI MAIO - CENTRO DEMOCRATICO
1348198,0,3,416922,PARTITO DEMOCRATICO - ITALIA DEMOCRATICA E PROGRESSISTA
1348198,1,4,417128,+EUROPA
1348198,2,5,416982,ALLEANZA VERDI E SINISTRA
1348198,3,6,416114,IMPEGNO CIVICO LUIGI DI MAIO - CENTRO DEMOCRATICO
1348206,0,9,419562,+EUROPA
1348206,1,10,419599,PARTITO DEMOCRATICO - ITALIA DEMOCRATICA E PROGRESSISTA
1348206,2,11,416047,IMPEGNO CIVICO LUIGI DI MAIO - CENTRO DEMOCRATICO
1348206,3,12,419580,ALLEANZA VERDI E SINISTRA
1348208,0,9,419562,+EUROPA
1348208,1,10,419599,PARTITO DEMOCRATICO - ITALIA DEMOCRATICA E PROGRESSISTA
1348208,2,11,416047,IMPEGNO CIVICO LUIGI DI MAIO - CENTRO DEMOCRATICO
1348208,3,12,419580,ALLEANZA VERDI E SINISTRA
1348209,0,8,416141,ITALEXIT PER L'ITALIA
1348210,0,8,416141,ITALEXIT PER L'ITALIA
1348211,0,8,416141,ITALEXIT PER L'ITALIA
1348217,0,3,417650,FRATELLI D'ITALIA CON GIORGIA MELONI
1348217,1,4,416229,LEGA PER SALVINI PREMIER
1348217,2,5,417583,NOI MODERATI/LUPI - TOTI - BRUGNARO - UDC
1348217,3,6,416383,FORZA ITALIA
1348224,0,3,417653,FRATELLI D'ITALIA CON GIORGIA MELONI
1348224,1,4,416232,LEGA PER SALVINI PREMIER
1348224,2,5,417586,NOI MODERATI/LUPI - TOTI - BRUGNARO - UDC
1348224,3,6,416386,FORZA ITALIA
1348275,0,11,416489,SUD CHIAMA NORD
1348277,0,11,416493,SUD CHIAMA NORD
1348281,0,9,419562,+EUROPA
1348281,1,10,419599,PARTITO DEMOCRATICO - ITALIA DEMOCRATICA E PROGRESSISTA
1348281,2,11,416047,IMPEGNO CIVICO LUIGI DI MAIO - CENTRO DEMOCRATICO
1348281,3,12,419580,ALLEANZA VERDI E SINISTRA
1348289,0,1,416279,UNIONE POPOLARE CON DE MAGISTRIS
1348293,0,8,416141,ITALEXIT PER L'ITALIA
1348294,0,1,416279,UNIONE POPOLARE CON DE MAGISTRIS
1348296,0,1,416279,UNIONE POPOLARE CON DE MAGISTRIS
1348298,0,1,416279,UNIONE POPOLARE CON DE MAGISTRIS
1348299,0,8,416141,ITALEXIT PER L'ITALIA
1348302,0,1,416284,UNIONE POPOLARE CON DE MAGISTRIS
1348308,0,2,416379,PARTITO ANIMALISTA - UCDL - 10 VOLTE MEGLIO
1348313,0,2,416379,PARTITO ANIMALISTA - UCDL - 10 VOLTE MEGLIO
1348315,0,3,417650,FRATELLI D'ITALIA CON GIORGIA MELONI
1348315,1,4,416229,LEGA PER SALVINI PREMIER
1348315,2,5,417583,NOI MODERATI/LUPI - TOTI - BRUGNARO - UDC
1348315,3,6,416383,FORZA ITALIA
1348317,0,2,416379,PARTITO ANIMALISTA - UCDL - 10 VOLTE MEGLIO
1348380,0,1,416284,UNIONE POPOLARE CON DE MAGISTRIS
1348381,0,2,416376,PARTITO ANIMALISTA - UCDL - 10 VOLTE MEGLIO
1348382,0,2,416376,PARTITO ANIMALISTA - UCDL - 10 VOLTE MEGLIO
1348383,0,1,416284,UNIONE POPOLARE CON DE MAGISTRIS
1348395,0,3,417653,FRATELLI D'ITALIA CON GIORGIA MELONI
1348395,1,4,416232,LEGA PER SALVINI PREMIER
1348395,2,5,417586,NOI MODERATI/LUPI - TOTI - BRUGNARO - UDC
1348395,3,6,416386,FORZA ITALIA
1348400,0,3,417653,FRATELLI D'ITALIA CON GIORGIA MELONI
1348400,1,4,416232,LEGA PER SALVINI PREMIER
1348400,2,5,417586,NOI MODERATI/LUPI - TOTI - BRUGNARO - UDC
1348400,3,6,416386,FORZA ITALIA
1348454,0,8,416906,FRATELLI D'ITALIA CON GIORGIA MELONI
1348454,1,9,416694,LEGA PER SALVINI PREMIER
1348454,2,10,417754,NOI MODERATI/LUPI - TOTI - BRUGNARO - UDC
1348454,3,11,416236,FORZA ITALIA
1348462,0,11,416489,SUD CHIAMA NORD
1348465,0,11,416489,SUD CHIAMA NORD
1348488,0,11,416493,SUD CHIAMA NORD
1348491,0,11,416493,SUD CHIAMA NORD
1348526,0,15,416496,ITALEXIT PER L'ITALIA
1348528,0,15,416496,ITALEXIT PER L'ITALIA
1348531,0,8,416906,FRATELLI D'ITALIA CON GIORGIA MELONI
1348531,1,9,416694,LEGA PER SALVINI PREMIER
1348531,2,10,417754,NOI MODERATI/LUPI - TOTI - BRUGNARO - UDC
1348531,3,11,416236,FORZA ITALIA
1348533,0,15,416500,ITALEXIT PER L'ITALIA
1348537,0,15,416500,ITALEXIT PER L'ITALIA
1348551,0,10,416579,MOVIMENTO 5 STELLE
1348561,0,10,416579,MOVIMENTO 5 STELLE
1348571,0,10,416575,MOVIMENTO 5 STELLE
1348572,0,1,416219,LEGA PER SALVINI PREMIER
1348572,1,2,421156,FRATELLI D'ITALIA CON GIORGIA MELONI
1348572,2,3,421164,NOI MODERATI/LUPI - TOTI - BRUGNARO - UDC
1348572,3,4,420656,FORZA ITALIA
1348576,0,10,416575,MOVIMENTO 5 STELLE
1348577,0,1,416219,LEGA PER SALVINI PREMIER
1348577,1,2,421156,FRATELLI D'ITALIA CON GIORGIA MELONI
1348577,2,3,421164,NOI MODERATI/LUPI - TOTI - BRUGNARO - UDC
1348577,3,4,420656,FORZA ITALIA
1348578,0,14,416832,AZIONE - ITALIA VIVA - CALENDA
1348598,0,15,416496,ITALEXIT PER L'ITALIA
1348613,0,1,416507,LEGA PER SALVINI PREMIER
1348613,1,2,421160,FRATELLI D'ITALIA CON GIORGIA MELONI
1348613,2,3,421168,NOI MODERATI/LUPI - TOTI - BRUGNARO - UDC
1348613,3,4,420495,FORZA ITALIA
1348615,0,1,416507,LEGA PER SALVINI PREMIER
1348615,1,2,421160,FRATELLI D'ITALIA CON GIORGIA MELONI
1348615,2,3,421168,NOI MODERATI/LUPI - TOTI - BRUGNARO - UDC
1348615,3,4,420495,FORZA ITALIA
1348637,0,7,416571,IMPEGNO CIVICO LUIGI DI MAIO - CENTRO DEMOCRATICO
1348637,1,8,418306,PARTITO DEMOCRATICO - ITALIA DEMOCRATICA E PROGRESSISTA
1348637,2,9,417121,+EUROPA
1348637,3,10,418373,ALLEANZA VERDI E SINISTRA
1348644,0,8,416909,FRATELLI D'ITALIA CON GIORGIA MELONI
1348644,1,9,416808,LEGA PER SALVINI PREMIER
1348644,2,10,418057,NOI MODERATI/LUPI - TOTI - BRUGNARO - UDC
1348644,3,11,416239,FORZA ITALIA
1348681,0,7,416568,IMPEGNO CIVICO LUIGI DI MAIO - CENTRO DEMOCRATICO
1348681,1,8,418303,PARTITO DEMOCRATICO - ITALIA DEMOCRATICA E PROGRESSISTA
1348681,2,9,417118,+EUROPA
1348681,3,10,418370,ALLEANZA VERDI E SINISTRA
1348685,0,15,416500,ITALEXIT PER L'ITALIA
1348696,0,10,416579,MOVIMENTO 5 STELLE
1348700,0,1,416507,LEGA PER SALVINI PREMIER
1348700,1,2,421160,FRATELLI D'ITALIA CON GIORGIA MELONI
1348700,2,3,421168,NOI MODERATI/LUPI - TOTI - BRUGNARO - UDC
1348700,3,4,420495,FORZA ITALIA
1348709,0,7,416568,IMPEGNO CIVICO LUIGI DI MAIO - CENTRO DEMOCRATICO
1348709,1,8,418303,PARTITO DEMOCRATICO - ITALIA DEMOCRATICA E PROGRESSISTA
1348709,2,9,417118,+EUROPA
1348709,3,10,418370,ALLEANZA VERDI E SINISTRA
1348717,0,14,416835,AZIONE - ITALIA VIVA - CALENDA
1348721,0,14,416835,AZIONE - ITALIA VIVA - CALENDA
1348736,0,7,416571,IMPEGNO CIVICO LUIGI DI MAIO - CENTRO DEMOCRATICO
1348736,1,8,418306,PARTITO DEMOCRATICO - ITALIA DEMOCRATICA E PROGRESSISTA
1348736,2,9,417121,+EUROPA
1348736,3,10,418373,ALLEANZA VERDI E SINISTRA
1348770,0,7,416719,IMPEGNO CIVICO LUIGI DI MAIO - CENTRO DEMOCRATICO
1348770,1,8,416605,PARTITO DEMOCRATICO - ITALIA DEMOCRATICA E PROGRESSISTA
1348770,2,9,416727,ALLEANZA VERDI E SINISTRA
1348770,3,16,417647,+EUROPA
1348778,0,7,416719,IMPEGNO CIVICO LUIGI DI MAIO - CENTRO DEMOCRATICO
1348778,1,8,416605,PARTITO DEMOCRATICO - ITALIA DEMOCRATICA E PROGRESSISTA
1348778,2,9,416727,ALLEANZA VERDI E SINISTRA
1348778,3,16,417647,+EUROPA
1348780,0,10,416575,MOVIMENTO 5 STELLE
1348782,0,1,416219,LEGA PER SALVINI PREMIER
1348782,1,2,421156,FRATELLI D'ITALIA CON GIORGIA MELONI
1348782,2,3,421164,NOI MODERATI/LUPI - TOTI - BRUGNARO - UDC
1348782,3,4,420656,FORZA ITALIA
1348787,0,14,416832,AZIONE - ITALIA VIVA - CALENDA
1348802,0,14,416835,AZIONE - ITALIA VIVA - CALENDA
1348815,0,7,416571,IMPEGNO CIVICO LUIGI DI MAIO - CENTRO DEMOCRATICO
1348815,1,8,418306,PARTITO DEMOCRATICO - ITALIA DEMOCRATICA E PROGRESSISTA
1348815,2,9,417121,+EUROPA
1348815,3,10,418373,ALLEANZA VERDI E SINISTRA
1348827,0,8,416909,FRATELLI D'ITALIA CON GIORGIA MELONI
1348827,1,9,416808,LEGA PER SALVINI PREMIER
1348827,2,10,418057,NOI MODERATI/LUPI - TOTI - BRUGNARO - UDC
1348827,3,11,416239,FORZA ITALIA
1348832,0,8,416909,FRATELLI D'ITALIA CON GIORGIA MELONI
1348832,1,9,416808,LEGA PER SALVINI PREMIER
1348832,2,10,418057,NOI MODERATI/LUPI - TOTI - BRUGNARO - UDC
1348832,3,11,416239,FORZA ITALIA
1348846,0,10,416731,LEGA PER SALVINI PREMIER
1348846,1,12,417628,FRATELLI D'ITALIA CON GIORGIA MELONI
1348846,2,13,417637,FORZA ITALIA
1348846,3,14,417715,NOI MODERATI/LUPI - TOTI - BRUGNARO - UDC
1348857,0,10,416731,LEGA PER SALVINI PREMIER
1348857,1,12,417628,FRATELLI D'ITALIA CON GIORGIA MELONI
1348857,2,13,417637,FORZA ITALIA
1348857,3,14,417715,NOI MODERATI/LUPI - TOTI - BRUGNARO - UDC
1348971,0,1,417114,MASTELLA NOI DI CENTRO EUROPEISTI
1348974,0,1,417114,MASTELLA NOI DI CENTRO EUROPEISTI
1348976,0,1,417114,MASTELLA NOI DI CENTRO EUROPEISTI
1349045,0,11,416067,MOVIMENTO 5 STELLE
1349078,0,1,416670,ITALIA SOVRANA E POPOLARE
1349184,0,1,416670,ITALIA SOVRANA E POPOLARE
1349190,0,1,416670,ITALIA SOVRANA E POPOLARE
1349194,0,1,416674,ITALIA SOVRANA E POPOLARE
1349196,0,1,416674,ITALIA SOVRANA E POPOLARE
1349205,0,11,416067,MOVIMENTO 5 STELLE
1349229,0,3,420297,FRATELLI D'ITALIA CON GIORGIA MELONI
1349229,1,4,417427,FORZA ITALIA
1349229,2,5,417366,NOI MODERATI/LUPI - TOTI - BRUGNARO - UDC
1349229,3,6,420105,LEGA PER SALVINI PREMIER
1349235,0,3,420297,FRATELLI D'ITALIA CON GIORGIA MELONI
1349235,1,4,417427,FORZA ITALIA
1349235,2,5,417366,NOI MODERATI/LUPI - TOTI - BRUGNARO - UDC
1349235,3,6,420105,LEGA PER SALVINI PREMIER
1349260,0,1,416674,ITALIA SOVRANA E POPOLARE
1349279,0,11,417458,+EUROPA
1349279,1,12,417389,PARTITO DEMOCRATICO - ITALIA DEMOCRATICA E PROGRESSISTA
1349279,2,13,420261,IMPEGNO CIVICO LUIGI DI MAIO - CENTRO DEMOCRATICO
1349279,3,14,417455,ALLEANZA VERDI E SINISTRA
1349343,0,13,417193,AZIONE - ITALIA VIVA - CALENDA
1349379,0,13,417197,AZIONE - ITALIA VIVA - CALENDA
1349387,0,11,417458,+EUROPA
1349387,1,12,417389,PARTITO DEMOCRATICO - ITALIA DEMOCRATICA E PROGRESSISTA
1349387,2,13,420261,IMPEGNO CIVICO LUIGI DI MAIO - CENTRO DEMOCRATICO
1349387,3,14,417455,ALLEANZA VERDI E SINISTRA
1349416,0,13,417193,AZIONE - ITALIA VIVA - CALENDA
1349422,0,13,417193,AZIONE - ITALIA VIVA - CALENDA
1349429,0,13,417202,AZIONE - ITALIA VIVA - CALENDA
1349430,0,8,418180,FORZA ITALIA
1349430,1,9,417920,LEGA PER SALVINI PREMIER
1349430,2,10,417333,FRATELLI D'ITALIA CON GIORGIA MELONI
1349430,3,11,418189,NOI MODERATI/LUPI - TOTI - BRUGNARO - UDC
1349436,0,13,417202,AZIONE - ITALIA VIVA - CALENDA
1349446,0,13,417202,AZIONE - ITALIA VIVA - CALENDA
1349449,0,8,418180,FORZA ITALIA
1349449,1,9,417920,LEGA PER SALVINI PREMIER
1349449,2,10,417333,FRATELLI D'ITALIA CON GIORGIA MELONI
1349449,3,11,418189,NOI MODERATI/LUPI - TOTI - BRUGNARO - UDC
1349450,0,8,418180,FORZA ITALIA
1349450,1,9,417920,LEGA PER SALVINI PREMIER
1349450,2,10,417333,FRATELLI D'ITALIA CON GIORGIA MELONI
1349450,3,11,418189,NOI MODERATI/LUPI - TOTI - BRUGNARO - UDC
1349457,0,13,417202,AZIONE - ITALIA VIVA - CALENDA
1349478,0,8,418185,FORZA ITALIA
1349478,1,9,417925,LEGA PER SALVINI PREMIER
1349478,2,10,417338,FRATELLI D'ITALIA CON GIORGIA MELONI
1349478,3,11,418194,NOI MODERATI/LUPI - TOTI - BRUGNARO - UDC
1349498,0,8,418180,FORZA ITALIA
1349498,1,9,417920,LEGA PER SALVINI PREMIER
1349498,2,10,417333,FRATELLI D'ITALIA CON GIORGIA MELONI
1349498,3,11,418189,NOI MODERATI/LUPI - TOTI - BRUGNARO - UDC
1349512,0,8,418185,FORZA ITALIA
1349512,1,9,417925,LEGA PER SALVINI PREMIER
1349512,2,10,417338,FRATELLI D'ITALIA CON GIORGIA MELONI
1349512,3,11,418194,NOI MODERATI/LUPI - TOTI - BRUGNARO - UDC
1349514,0,8,418185,FORZA ITALIA
1349514,1,9,417925,LEGA PER SALVINI PREMIER
1349514,2,10,417338,FRATELLI D'ITALIA CON GIORGIA MELONI
1349514,3,11,418194,NOI MODERATI/LUPI - TOTI - BRUGNARO - UDC
1349620,0,14,417677,PARTITO COMUNISTA ITALIANO
1349624,0,14,417677,PARTITO COMUNISTA ITALIANO
1349640,0,14,417677,PARTITO COMUNISTA ITALIANO
1349642,0,14,417677,PARTITO COMUNISTA ITALIANO
1349649,0,6,421172,ALLEANZA VERDI E SINISTRA
1349649,1,7,417233,+EUROPA
1349649,2,8,417241,PARTITO DEMOCRATICO - ITALIA DEMOCRATICA E PROGRESSISTA
1349649,3,9,419319,IMPEGNO CIVICO LUIGI DI MAIO - CENTRO DEMOCRATICO
1349663,0,1,419779,FRATELLI D'ITALIA CON GIORGIA MELONI
1349663,1,2,419613,NOI MODERATI/LUPI - TOTI - BRUGNARO - UDC
1349663,2,3,417683,LEGA PER SALVINI PREMIER
1349663,3,4,417671,FORZA ITALIA
1349669,0,6,421176,ALLEANZA VERDI E SINISTRA
1349669,1,7,417237,+EUROPA
1349669,2,8,417245,PARTITO DEMOCRATICO - ITALIA DEMOCRATICA E PROGRESSISTA
1349669,3,9,419323,IMPEGNO CIVICO LUIGI DI MAIO - CENTRO DEMOCRATICO
1349674,0,1,419779,FRATELLI D'ITALIA CON GIORGIA MELONI
1349674,1,2,419613,NOI MODERATI/LUPI - TOTI - BRUGNARO - UDC
1349674,2,3,417683,LEGA PER SALVINI PREMIER
1349674,3,4,417671,FORZA ITALIA
1349679,0,6,421176,ALLEANZA VERDI E SINISTRA
1349679,1,7,417237,+EUROPA
1349679,2,8,417245,PARTITO DEMOCRATICO - ITALIA DEMOCRATICA E PROGRESSISTA
1349679,3,9,419323,IMPEGNO CIVICO LUIGI DI MAIO - CENTRO DEMOCRATICO
1349718,0,13,417197,AZIONE - ITALIA VIVA - CALENDA
1349728,0,13,417197,AZIONE - ITALIA VIVA - CALENDA
1349739,0,13,417197,AZIONE - ITALIA VIVA - CALENDA
1349755,0,6,421172,ALLEANZA VERDI E SINISTRA
1349755,1,7,417233,+EUROPA
1349755,2,8,417241,PARTITO DEMOCRATICO - ITALIA DEMOCRATICA E PROGRESSISTA
1349755,3,9,419319,IMPEGNO CIVICO LUIGI DI MAIO - CENTRO DEMOCRATICO
1349759,0,14,417677,PARTITO COMUNISTA ITALIANO
1349763,0,6,421172,ALLEANZA VERDI E SINISTRA
1349763,1,7,417233,+EUROPA
1349763,2,8,417241,PARTITO DEMOCRATICO - ITALIA DEMOCRATICA E PROGRESSISTA
1349763,3,9,419319,IMPEGNO CIVICO LUIGI DI MAIO - CENTRO DEMOCRATICO
1349770,0,1,419779,FRATELLI D'ITALIA CON GIORGIA MELONI
1349770,1,2,419613,NOI MODERATI/LUPI - TOTI - BRUGNARO - UDC
1349770,2,3,417683,LEGA PER SALVINI PREMIER
1349770,3,4,417671,FORZA ITALIA
1349775,0,6,421176,ALLEANZA VERDI E SINISTRA
1349775,1,7,417237,+EUROPA
1349775,2,8,417245,PARTITO DEMOCRATICO - ITALIA DEMOCRATICA E PROGRESSISTA
1349775,3,9,419323,IMPEGNO CIVICO LUIGI DI MAIO - CENTRO DEMOCRATICO
1349776,0,1,419779,FRATELLI D'ITALIA CON GIORGIA MELONI
1349776,1,2,419613,NOI MODERATI/LUPI - TOTI - BRUGNARO - UDC
1349776,2,3,417683,LEGA PER SALVINI PREMIER
1349776,3,4,417671,FORZA ITALIA
1349785,0,1,419779,FRATELLI D'ITALIA CON GIORGIA MELONI
1349785,1,2,419613,NOI MODERATI/LUPI - TOTI - BRUGNARO - UDC
1349785,2,3,417683,LEGA PER SALVINI PREMIER
1349785,3,4,417671,FORZA ITALIA
1349793,0,15,415976,MOVIMENTO 5 STELLE
1349841,0,7,417689,MOVIMENTO 5 STELLE
1349853,0,2,417504,UNIONE POPOLARE CON DE MAGISTRIS
1349855,0,13,417506,MOVIMENTO 5 STELLE
1349864,0,1,417512,VITA
1349866,0,16,417514,ITALIA SOVRANA E POPOLARE
1349870,0,8,417516,ITALEXIT PER L'ITALIA
1349903,0,7,417689,MOVIMENTO 5 STELLE
1349905,0,7,417689,MOVIMENTO 5 STELLE
1349910,0,7,417689,MOVIMENTO 5 STELLE
1349913,0,7,417689,MOVIMENTO 5 STELLE
1349936,0,2,419011,+EUROPA
1349936,1,3,420461,ALLEANZA VERDI E SINISTRA
1349936,2,4,417706,IMPEGNO CIVICO LUIGI DI MAIO - CENTRO DEMOCRATICO
1349936,3,5,419699,PARTITO DEMOCRATICO - ITALIA DEMOCRATICA E PROGRESSISTA
1349968,0,2,419016,+EUROPA
1349968,1,3,420466,ALLEANZA VERDI E SINISTRA
1349968,2,4,417711,IMPEGNO CIVICO LUIGI DI MAIO - CENTRO DEMOCRATICO
1349968,3,5,419704,PARTITO DEMOCRATICO - ITALIA DEMOCRATICA E PROGRESSISTA
1349983,0,2,419011,+EUROPA
1349983,1,3,420461,ALLEANZA VERDI E SINISTRA
1349983,2,4,417706,IMPEGNO CIVICO LUIGI DI MAIO - CENTRO DEMOCRATICO
1349983,3,5,419699,PARTITO DEMOCRATICO - ITALIA DEMOCRATICA E PROGRESSISTA
1349985,0,2,419011,+EUROPA
1349985,1,3,420461,ALLEANZA VERDI E SINISTRA
1349985,2,4,417706,IMPEGNO CIVICO LUIGI DI MAIO - CENTRO DEMOCRATICO
1349985,3,5,419699,PARTITO DEMOCRATICO - ITALIA DEMOCRATICA E PROGRESSISTA
1349988,0,2,419011,+EUROPA
1349988,1,3,420461,ALLEANZA VERDI E SINISTRA
1349988,2,4,417706,IMPEGNO CIVICO LUIGI DI MAIO - CENTRO DEMOCRATICO
1349988,3,5,419699,PARTITO DEMOCRATICO - ITALIA DEMOCRATICA E PROGRESSISTA
1349999,0,16,417906,VITA
1350000,0,16,417906,VITA
1350007,0,16,417909,VITA
1350010,0,12,417881,AZIONE - ITALIA VIVA - CALENDA
1350014,0,12,417992,MASTELLA NOI DI CENTRO EUROPEISTI
1350018,0,12,417992,MASTELLA NOI DI CENTRO EUROPEISTI
1350028,0,12,417878,AZIONE - ITALIA VIVA - CALENDA
1350030,0,8,416611,UNIONE POPOLARE CON DE MAGISTRIS
1350031,0,12,417878,AZIONE - ITALIA VIVA - CALENDA
1350054,0,5,417857,NOI MODERATI/LUPI - TOTI - BRUGNARO - UDC
1350054,1,6,417163,LEGA PER SALVINI PREMIER
1350054,2,7,417852,FORZA ITALIA
1350054,3,8,417078,FRATELLI D'ITALIA CON GIORGIA MELONI
1350058,0,5,417857,NOI MODERATI/LUPI - TOTI - BRUGNARO - UDC
1350058,1,6,417163,LEGA PER SALVINI PREMIER
1350058,2,7,417852,FORZA ITALIA
1350058,3,8,417078,FRATELLI D'ITALIA CON GIORGIA MELONI
1350065,0,17,417900,AZIONE - ITALIA VIVA - CALENDA
1350071,0,2,417738,FRATELLI D'ITALIA CON GIORGIA MELONI
1350071,1,3,417967,FORZA ITALIA
1350071,2,4,416785,LEGA PER SALVINI PREMIER
1350071,3,5,417496,NOI MODERATI/LUPI - TOTI - BRUGNARO - UDC
1350073,0,15,417717,PARTITO COMUNISTA ITALIANO
1350075,0,2,417742,FRATELLI D'ITALIA CON GIORGIA MELONI
1350075,1,3,417971,FORZA ITALIA
1350075,2,4,416789,LEGA PER SALVINI PREMIER
1350075,3,5,417500,NOI MODERATI/LUPI - TOTI - BRUGNARO - UDC
1350098,0,6,416678,ITALIA SOVRANA E POPOLARE
1350105,0,2,419016,+EUROPA
1350105,1,3,420466,ALLEANZA VERDI E SINISTRA
1350105,2,4,417711,IMPEGNO CIVICO LUIGI DI MAIO - CENTRO DEMOCRATICO
1350105,3,5,419704,PARTITO DEMOCRATICO - ITALIA DEMOCRATICA E PROGRESSISTA
1350118,0,16,417909,VITA
1350146,0,12,417881,AZIONE - ITALIA VIVA - CALENDA
1350153,0,12,417881,AZIONE - ITALIA VIVA - CALENDA
1350158,0,9,417746,AZIONE - ITALIA VIVA - CALENDA
1350165,0,9,417746,AZIONE - ITALIA VIVA - CALENDA
1350169,0,12,417992,MASTELLA NOI DI CENTRO EUROPEISTI
1350173,0,9,417746,AZIONE - ITALIA VIVA - CALENDA
1350179,0,9,417746,AZIONE - ITALIA VIVA - CALENDA
1350183,0,2,419016,+EUROPA
1350183,1,3,420466,ALLEANZA VERDI E SINISTRA
1350183,2,4,417711,IMPEGNO CIVICO LUIGI DI MAIO - CENTRO DEMOCRATICO
1350183,3,5,419704,PARTITO DEMOCRATICO - ITALIA DEMOCRATICA E PROGRESSISTA
1350191,0,7,416830,ITALEXIT PER L'ITALIA
1350193,0,16,417909,VITA
1350203,0,5,416715,MOVIMENTO 5 STELLE
1350253,0,12,417997,MASTELLA NOI DI CENTRO EUROPEISTI
1350257,0,12,417997,MASTELLA NOI DI CENTRO EUROPEISTI
1350281,0,12,417992,MASTELLA NOI DI CENTRO EUROPEISTI
1350343,0,12,417997,MASTELLA NOI DI CENTRO EUROPEISTI
1350346,0,1,416647,IMPEGNO CIVICO LUIGI DI MAIO - CENTRO DEMOCRATICO
1350346,1,2,416848,ALLEANZA VERDI E SINISTRA
1350346,2,3,419043,PARTITO DEMOCRATICO - ITALIA DEMOCRATICA E PROGRESSISTA
1350346,3,4,419034,+EUROPA
1350347,0,15,416631,VITA
1350352,0,10,416961,FORZA ITALIA
1350352,1,11,419039,NOI MODERATI/LUPI - TOTI - BRUGNARO - UDC
1350352,2,12,416850,FRATELLI D'ITALIA CON GIORGIA MELONI
1350352,3,13,419036,LEGA PER SALVINI PREMIER
1350385,0,15,417717,PARTITO COMUNISTA ITALIANO
1350395,0,2,417738,FRATELLI D'ITALIA CON GIORGIA MELONI
1350395,1,3,417967,FORZA ITALIA
1350395,2,4,416785,LEGA PER SALVINI PREMIER
1350395,3,5,417496,NOI MODERATI/LUPI - TOTI - BRUGNARO - UDC
1350405,0,12,418159,AZIONE - ITALIA VIVA - CALENDA
1350408,0,2,417738,FRATELLI D'ITALIA CON GIORGIA MELONI
1350408,1,3,417967,FORZA ITALIA
1350408,2,4,416785,LEGA PER SALVINI PREMIER
1350408,3,5,417496,NOI MODERATI/LUPI - TOTI - BRUGNARO - UDC
1350410,0,12,418159,AZIONE - ITALIA VIVA - CALENDA
1350411,0,2,417742,FRATELLI D'ITALIA CON GIORGIA MELONI
1350411,1,3,417971,FORZA ITALIA
1350411,2,4,416789,LEGA PER SALVINI PREMIER
1350411,3,5,417500,NOI MODERATI/LUPI - TOTI - BRUGNARO - UDC
1350416,0,2,417742,FRATELLI D'ITALIA CON GIORGIA MELONI
1350416,1,3,417971,FORZA ITALIA
1350416,2,4,416789,LEGA PER SALVINI PREMIER
1350416,3,5,417500,NOI MODERATI/LUPI - TOTI - BRUGNARO - UDC
1350426,0,12,418162,AZIONE - ITALIA VIVA - CALENDA
1350442,0,10,418073,ITALIA SOVRANA E POPOLARE
1350446,0,1,418174,MOVIMENTO 5 STELLE
1350487,0,17,417900,AZIONE - ITALIA VIVA - CALENDA
1350522,0,14,416649,AZIONE - ITALIA VIVA - CALENDA
1350524,0,13,418178,MASTELLA NOI DI CENTRO EUROPEISTI
1350564,0,7,417274,FORZA ITALIA
1350564,1,8,417701,LEGA PER SALVINI PREMIER
1350564,2,10,418083,FRATELLI D'ITALIA CON GIORGIA MELONI
1350564,3,12,418560,NOI MODERATI/LUPI - TOTI - BRUGNARO - UDC
1350582,0,12,418162,AZIONE - ITALIA VIVA - CALENDA
1350585,0,12,418162,AZIONE - ITALIA VIVA - CALENDA
1350603,0,7,418111,MOVIMENTO 5 STELLE
1350613,0,6,418456,ITALEXIT PER L'ITALIA
1350618,0,6,418456,ITALEXIT PER L'ITALIA
1350683,0,7,418111,MOVIMENTO 5 STELLE
1350684,0,7,418111,MOVIMENTO 5 STELLE
1350693,0,13,418153,VITA
1350696,0,13,418153,VITA
1350702,0,13,418356,VITA
1350703,0,13,418356,VITA
1350705,0,13,418356,VITA
1350706,0,6,418456,ITALEXIT PER L'ITALIA
1350710,0,6,418456,ITALEXIT PER L'ITALIA
1350751,0,7,417274,FORZA ITALIA
1350751,1,8,417701,LEGA PER SALVINI PREMIER
1350751,2,10,418083,FRATELLI D'ITALIA CON GIORGIA MELONI
1350751,3,12,418560,NOI MODERATI/LUPI - TOTI - BRUGNARO - UDC
1351026,0,7,417274,FORZA ITALIA
1351026,1,8,417701,LEGA PER SALVINI PREMIER
1351026,2,10,418083,FRATELLI D'ITALIA CON GIORGIA MELONI
1351026,3,12,418560,NOI MODERATI/LUPI - TOTI - BRUGNARO - UDC
1351079,0,12,419503,+EUROPA
1351079,1,13,416772,PARTITO DEMOCRATICO - ITALIA DEMOCRATICA E PROGRESSISTA
1351079,2,14,417488,IMPEGNO CIVICO LUIGI DI MAIO - CENTRO DEMOCRATICO
1351079,3,15,417984,ALLEANZA VERDI E SINISTRA
1351107,0,7,417274,FORZA ITALIA
1351107,1,8,417701,LEGA PER SALVINI PREMIER
1351107,2,10,418083,FRATELLI D'ITALIA CON GIORGIA MELONI
1351107,3,12,418560,NOI MODERATI/LUPI - TOTI - BRUGNARO - UDC
1351181,0,12,419503,+EUROPA
1351181,1,13,416772,PARTITO DEMOCRATICO - ITALIA DEMOCRATICA E PROGRESSISTA
1351181,2,14,417488,IMPEGNO CIVICO LUIGI DI MAIO - CENTRO DEMOCRATICO
1351181,3,15,417984,ALLEANZA VERDI E SINISTRA
1351182,0,12,419503,+EUROPA
1351182,1,13,416772,PARTITO DEMOCRATICO - ITALIA DEMOCRATICA E PROGRESSISTA
1351182,2,14,417488,IMPEGNO CIVICO LUIGI DI MAIO - CENTRO DEMOCRATICO
1351182,3,15,417984,ALLEANZA VERDI E SINISTRA
1351183,0,12,419507,+EUROPA
1351183,1,13,416776,PARTITO DEMOCRATICO - ITALIA DEMOCRATICA E PROGRESSISTA
1351183,2,14,417492,IMPEGNO CIVICO LUIGI DI MAIO - CENTRO DEMOCRATICO
1351183,3,15,417988,ALLEANZA VERDI E SINISTRA
1351184,0,12,419507,+EUROPA
1351184,1,13,416776,PARTITO DEMOCRATICO - ITALIA DEMOCRATICA E PROGRESSISTA
1351184,2,14,417492,IMPEGNO CIVICO LUIGI DI MAIO - CENTRO DEMOCRATICO
1351184,3,15,417988,ALLEANZA VERDI E SINISTRA
1351244,0,14,418794,ALTERNATIVA PER L'ITALIA - NO GREEN PASS
1351246,0,14,418794,ALTERNATIVA PER L'ITALIA - NO GREEN PASS
1351250,0,14,418797,ALTERNATIVA PER L'ITALIA - NO GREEN PASS
1351251,0,14,418797,ALTERNATIVA PER L'ITALIA - NO GREEN PASS
1351264,0,9,417963,AZIONE - ITALIA VIVA - CALENDA
1351280,0,12,419507,+EUROPA
1351280,1,13,416776,PARTITO DEMOCRATICO - ITALIA DEMOCRATICA E PROGRESSISTA
1351280,2,14,417492,IMPEGNO CIVICO LUIGI DI MAIO - CENTRO DEMOCRATICO
1351280,3,15,417988,ALLEANZA VERDI E SINISTRA
1351438,0,9,417959,AZIONE - ITALIA VIVA - CALENDA
1351440,0,9,417959,AZIONE - ITALIA VIVA - CALENDA
1351446,0,9,417963,AZIONE - ITALIA VIVA - CALENDA
1351450,0,9,417963,AZIONE - ITALIA VIVA - CALENDA
1351509,0,14,418797,ALTERNATIVA PER L'ITALIA - NO GREEN PASS
1351528,0,9,417959,AZIONE - ITALIA VIVA - CALENDA
1351579,0,13,418233,ITALIA SOVRANA E POPOLARE
1351692,0,13,418233,ITALIA SOVRANA E POPOLARE
1351705,0,13,418230,ITALIA SOVRANA E POPOLARE
1351715,0,4,419370,ALLEANZA VERDI E SINISTRA
1351715,1,5,419310,+EUROPA
1351715,2,6,419213,IMPEGNO CIVICO LUIGI DI MAIO - CENTRO DEMOCRATICO
1351715,3,7,419308,PARTITO DEMOCRATICO - ITALIA DEMOCRATICA E PROGRESSISTA
1351743,0,9,419291,NOI MODERATI/LUPI - TOTI - BRUGNARO - UDC
1351743,1,10,419377,LEGA PER SALVINI PREMIER
1351743,2,11,419278,FORZA ITALIA
1351743,3,12,419306,FRATELLI D'ITALIA CON GIORGIA MELONI
1351747,0,14,419237,MASTELLA NOI DI CENTRO EUROPEISTI
1351755,0,6,419413,FRATELLI D'ITALIA CON GIORGIA MELONI
1351755,1,7,419419,FORZA ITALIA
1351755,2,8,419405,NOI MODERATI/LUPI - TOTI - BRUGNARO - UDC
1351755,3,9,419411,LEGA PER SALVINI PREMIER
1351761,0,3,419315,ALTERNATIVA PER L'ITALIA - NO GREEN PASS
1351784,0,13,418233,ITALIA SOVRANA E POPOLARE
1351794,0,13,418230,ITALIA SOVRANA E POPOLARE
1351854,0,15,419253,AZIONE - ITALIA VIVA - CALENDA
1352003,0,2,419423,PARTITO DEMOCRATICO - ITALIA DEMOCRATICA E PROGRESSISTA
1352003,1,3,419409,IMPEGNO CIVICO LUIGI DI MAIO - CENTRO DEMOCRATICO
1352003,2,4,419407,+EUROPA
1352003,3,5,419415,ALLEANZA VERDI E SINISTRA
1352013,0,11,419417,AZIONE - ITALIA VIVA - CALENDA
1352024,0,12,419515,UNIONE POPOLARE CON DE MAGISTRIS
1352031,0,9,419041,ALTERNATIVA PER L'ITALIA - NO GREEN PASS
1352045,0,12,419519,UNIONE POPOLARE CON DE MAGISTRIS
1352051,0,12,419519,UNIONE POPOLARE CON DE MAGISTRIS
1352084,0,12,419421,UNIONE POPOLARE CON DE MAGISTRIS
1352091,0,12,419515,UNIONE POPOLARE CON DE MAGISTRIS
1352097,0,12,419515,UNIONE POPOLARE CON DE MAGISTRIS
1352162,0,17,419641,ALTERNATIVA PER L'ITALIA - NO GREEN PASS
1352173,0,17,419641,ALTERNATIVA PER L'ITALIA - NO GREEN PASS
1352178,0,13,419961,ALTERNATIVA PER L'ITALIA - NO GREEN PASS
1352222,0,13,419961,ALTERNATIVA PER L'ITALIA - NO GREEN PASS
1352228,0,13,419961,ALTERNATIVA PER L'ITALIA - NO GREEN PASS
1352234,0,17,419641,ALTERNATIVA PER L'ITALIA - NO GREEN PASS
1352238,0,6,417465,NOI MODERATI/LUPI - TOTI - BRUGNARO - UDC
1352238,1,7,420739,LEGA PER SALVINI PREMIER
1352238,2,8,418821,FRATELLI D'ITALIA CON GIORGIA MELONI
1352238,3,9,417179,FORZA ITALIA
1352251,0,6,417465,NOI MODERATI/LUPI - TOTI - BRUGNARO - UDC
1352251,1,7,420739,LEGA PER SALVINI PREMIER
1352251,2,8,418821,FRATELLI D'ITALIA CON GIORGIA MELONI
1352251,3,9,417179,FORZA ITALIA
1352258,0,13,419889,AZIONE - ITALIA VIVA - CALENDA
1352266,0,13,419889,AZIONE - ITALIA VIVA - CALENDA
1352321,0,17,419641,ALTERNATIVA PER L'ITALIA - NO GREEN PASS
1352330,0,17,419641,ALTERNATIVA PER L'ITALIA - NO GREEN PASS
1352337,0,13,419884,AZIONE - ITALIA VIVA - CALENDA
1352348,0,6,417465,NOI MODERATI/LUPI - TOTI - BRUGNARO - UDC
1352348,1,7,420739,LEGA PER SALVINI PREMIER
1352348,2,8,418821,FRATELLI D'ITALIA CON GIORGIA MELONI
1352348,3,9,417179,FORZA ITALIA
1352349,0,13,419884,AZIONE - ITALIA VIVA - CALENDA
1352352,0,13,419884,AZIONE - ITALIA VIVA - CALENDA
1352358,0,13,419884,AZIONE - ITALIA VIVA - CALENDA
1352359,0,6,417469,NOI MODERATI/LUPI - TOTI - BRUGNARO - UDC
1352359,1,7,420743,LEGA PER SALVINI PREMIER
1352359,2,8,418825,FRATELLI D'ITALIA CON GIORGIA MELONI
1352359,3,9,417183,FORZA ITALIA
1352410,0,6,417469,NOI MODERATI/LUPI - TOTI - BRUGNARO - UDC
1352410,1,7,420743,LEGA PER SALVINI PREMIER
1352410,2,8,418825,FRATELLI D'ITALIA CON GIORGIA MELONI
1352410,3,9,417183,FORZA ITALIA
1352415,0,6,417469,NOI MODERATI/LUPI - TOTI - BRUGNARO - UDC
1352415,1,7,420743,LEGA PER SALVINI PREMIER
1352415,2,8,418825,FRATELLI D'ITALIA CON GIORGIA MELONI
1352415,3,9,417183,FORZA ITALIA
1352417,0,6,417469,NOI MODERATI/LUPI - TOTI - BRUGNARO - UDC
1352417,1,7,420743,LEGA PER SALVINI PREMIER
1352417,2,8,418825,FRATELLI D'ITALIA CON GIORGIA MELONI
1352417,3,9,417183,FORZA ITALIA
1352423,0,15,419874,ALTERNATIVA PER L'ITALIA - NO GREEN PASS
1352435,0,1,417007,+EUROPA
1352435,1,2,418835,IMPEGNO CIVICO LUIGI DI MAIO - CENTRO DEMOCRATICO
1352435,2,3,417207,ALLEANZA VERDI E SINISTRA
1352435,3,4,418807,PARTITO DEMOCRATICO - ITALIA DEMOCRATICA E PROGRESSISTA
1352448,0,1,417007,+EUROPA
1352448,1,2,418835,IMPEGNO CIVICO LUIGI DI MAIO - CENTRO DEMOCRATICO
1352448,2,3,417207,ALLEANZA VERDI E SINISTRA
1352448,3,4,418807,PARTITO DEMOCRATICO - ITALIA DEMOCRATICA E PROGRESSISTA
1352457,0,1,417007,+EUROPA
1352457,1,2,418835,IMPEGNO CIVICO LUIGI DI MAIO - CENTRO DEMOCRATICO
1352457,2,3,417207,ALLEANZA VERDI E SINISTRA
1352457,3,4,418807,PARTITO DEMOCRATICO - ITALIA DEMOCRATICA E PROGRESSISTA
1352478,0,1,417011,+EUROPA
1352478,1,2,418839,IMPEGNO CIVICO LUIGI DI MAIO - CENTRO DEMOCRATICO
1352478,2,3,417211,ALLEANZA VERDI E SINISTRA
1352478,3,4,418811,PARTITO DEMOCRATICO - ITALIA DEMOCRATICA E PROGRESSISTA
1352481,0,15,419871,ALTERNATIVA PER L'ITALIA - NO GREEN PASS
1352488,0,15,419871,ALTERNATIVA PER L'ITALIA - NO GREEN PASS
1352520,0,1,417011,+EUROPA
1352520,1,2,418839,IMPEGNO CIVICO LUIGI DI MAIO - CENTRO DEMOCRATICO
1352520,2,3,417211,ALLEANZA VERDI E SINISTRA
1352520,3,4,418811,PARTITO DEMOCRATICO - ITALIA DEMOCRATICA E PROGRESSISTA
1352521,0,6,417474,NOI MODERATI/LUPI - TOTI - BRUGNARO - UDC
1352521,1,7,420748,LEGA PER SALVINI PREMIER
1352521,2,8,418830,FRATELLI D'ITALIA CON GIORGIA MELONI
1352521,3,9,417188,FORZA ITALIA
1352526,0,1,417011,+EUROPA
1352526,1,2,418839,IMPEGNO CIVICO LUIGI DI MAIO - CENTRO DEMOCRATICO
1352526,2,3,417211,ALLEANZA VERDI E SINISTRA
1352526,3,4,418811,PARTITO DEMOCRATICO - ITALIA DEMOCRATICA E PROGRESSISTA
1352532,0,1,420163,ALTERNATIVA PER L'ITALIA - NO GREEN PASS
1352543,0,1,417016,+EUROPA
1352543,1,2,418844,IMPEGNO CIVICO LUIGI DI MAIO - CENTRO DEMOCRATICO
1352543,2,3,417216,ALLEANZA VERDI E SINISTRA
1352543,3,4,418816,PARTITO DEMOCRATICO - ITALIA DEMOCRATICA E PROGRESSISTA
1352554,0,7,419741,DESTRE UNITE
1352560,0,1,417016,+EUROPA
1352560,1,2,418844,IMPEGNO CIVICO LUIGI DI MAIO - CENTRO DEMOCRATICO
1352560,2,3,417216,ALLEANZA VERDI E SINISTRA
1352560,3,4,418816,PARTITO DEMOCRATICO - ITALIA DEMOCRATICA E PROGRESSISTA
1352561,0,1,420166,ALTERNATIVA PER L'ITALIA - NO GREEN PASS
1352569,0,7,419741,DESTRE UNITE
1352580,0,15,419874,ALTERNATIVA PER L'ITALIA - NO GREEN PASS
1352583,0,13,419889,AZIONE - ITALIA VIVA - CALENDA
1352584,0,15,419874,ALTERNATIVA PER L'ITALIA - NO GREEN PASS
1352589,0,6,417474,NOI MODERATI/LUPI - TOTI - BRUGNARO - UDC
1352589,1,7,420748,LEGA PER SALVINI PREMIER
1352589,2,8,418830,FRATELLI D'ITALIA CON GIORGIA MELONI
1352589,3,9,417188,FORZA ITALIA
1352618,0,6,417474,NOI MODERATI/LUPI - TOTI - BRUGNARO - UDC
1352618,1,7,420748,LEGA PER SALVINI PREMIER
1352618,2,8,418830,FRATELLI D'ITALIA CON GIORGIA MELONI
1352618,3,9,417188,FORZA ITALIA
1352627,0,1,420163,ALTERNATIVA PER L'ITALIA - NO GREEN PASS
1352645,0,1,420166,ALTERNATIVA PER L'ITALIA - NO GREEN PASS
1352662,0,1,417016,+EUROPA
1352662,1,2,418844,IMPEGNO CIVICO LUIGI DI MAIO - CENTRO DEMOCRATICO
1352662,2,3,417216,ALLEANZA VERDI E SINISTRA
1352662,3,4,418816,PARTITO DEMOCRATICO - ITALIA DEMOCRATICA E PROGRESSISTA
1352683,0,1,417011,+EUROPA
1352683,1,2,418839,IMPEGNO CIVICO LUIGI DI MAIO - CENTRO DEMOCRATICO
1352683,2,3,417211,ALLEANZA VERDI E SINISTRA
1352683,3,4,418811,PARTITO DEMOCRATICO - ITALIA DEMOCRATICA E PROGRESSISTA
1352698,0,1,417016,+EUROPA
1352698,1,2,418844,IMPEGNO CIVICO LUIGI DI MAIO - CENTRO DEMOCRATICO
1352698,2,3,417216,ALLEANZA VERDI E SINISTRA
1352698,3,4,418816,PARTITO DEMOCRATICO - ITALIA DEMOCRATICA E PROGRESSISTA
1352706,0,1,420166,ALTERNATIVA PER L'ITALIA - NO GREEN PASS
1352737,0,7,419744,DESTRE UNITE
1352738,0,13,419629,SUD CHIAMA NORD
1352739,0,9,419863,ITALEXIT PER L'ITALIA
1352743,0,13,419629,SUD CHIAMA NORD
1352752,0,9,419863,ITALEXIT PER L'ITALIA
1352768,0,15,419635,VITA
1352773,0,12,419123,ITALEXIT PER L'ITALIA
1352778,0,15,419635,VITA
1352810,0,7,419744,DESTRE UNITE
1352815,0,7,419744,DESTRE UNITE
1352817,0,9,420115,AZIONE - ITALIA VIVA - CALENDA
1352820,0,9,420115,AZIONE - ITALIA VIVA - CALENDA
1352846,0,12,419119,ITALEXIT PER L'ITALIA
1352862,0,12,419123,ITALEXIT PER L'ITALIA
1352895,0,12,419119,ITALEXIT PER L'ITALIA
1352901,0,12,419119,ITALEXIT PER L'ITALIA
1352902,0,13,419629,SUD CHIAMA NORD
1352908,0,13,419629,SUD CHIAMA NORD
1352912,0,9,419860,ITALEXIT PER L'ITALIA
1352916,0,13,419629,SUD CHIAMA NORD
1352918,0,9,419860,ITALEXIT PER L'ITALIA
1352926,0,12,419123,ITALEXIT PER L'ITALIA
1352930,0,15,419635,VITA
1352937,0,15,419635,VITA
1352944,0,15,419635,VITA
1352958,0,8,419491,VITA
1352962,0,8,419491,VITA
1352963,0,8,419491,VITA
1352966,0,8,419495,VITA
1352972,0,8,419495,VITA
1353011,0,5,419586,AZIONE - ITALIA VIVA - CALENDA
1353014,0,5,419586,AZIONE - ITALIA VIVA - CALENDA
1353019,0,8,419495,VITA
1353021,0,8,420370,PARTITO COMUNISTA DEI LAVORATORI
1353022,0,8,420370,PARTITO COMUNISTA DEI LAVORATORI
1353075,0,15,419379,VITA
1353081,0,12,419128,ITALEXIT PER L'ITALIA
1353088,0,12,419128,ITALEXIT PER L'ITALIA
1353089,0,12,419128,ITALEXIT PER L'ITALIA
1353094,0,12,419128,ITALEXIT PER L'ITALIA
1353101,0,5,419586,AZIONE - ITALIA VIVA - CALENDA
1353119,0,5,419586,AZIONE - ITALIA VIVA - CALENDA
1353128,0,5,419586,AZIONE - ITALIA VIVA - CALENDA
1353227,0,11,419523,PARTITO COMUNISTA ITALIANO
1353252,0,11,419527,PARTITO COMUNISTA ITALIANO
1353260,0,11,419527,PARTITO COMUNISTA ITALIANO
1353315,0,12,419123,ITALEXIT PER L'ITALIA
1353349,0,11,419523,PARTITO COMUNISTA ITALIANO
1353355,0,11,419523,PARTITO COMUNISTA ITALIANO
1353373,0,11,419527,PARTITO COMUNISTA ITALIANO
1353386,0,15,419379,VITA
1353392,0,15,419379,VITA
1353397,0,15,419383,VITA
1353405,0,15,419383,VITA
1353408,0,15,419383,VITA
1353410,0,15,419383,VITA
1353413,0,15,419388,VITA
1353417,0,15,419388,VITA
1353425,0,15,419388,VITA
1353465,0,5,420435,MOVIMENTO 5 STELLE
1353469,0,6,420437,ITALEXIT PER L'ITALIA
1353513,0,15,419388,VITA
1353610,0,1,420396,ITALIA SOVRANA E POPOLARE
1353612,0,2,420407,PARTITO COMUNISTA ITALIANO
1353613,0,3,420415,UNIONE POPOLARE CON DE MAGISTRIS
1353629,0,1,417099,ALLEANZA VERDI E SINISTRA
1353629,1,2,420511,+EUROPA
1353629,2,3,417092,PARTITO DEMOCRATICO - ITALIA DEMOCRATICA E PROGRESSISTA
1353629,3,4,417085,IMPEGNO CIVICO LUIGI DI MAIO - CENTRO DEMOCRATICO
1353630,0,1,417099,ALLEANZA VERDI E SINISTRA
1353630,1,2,420511,+EUROPA
1353630,2,3,417092,PARTITO DEMOCRATICO - ITALIA DEMOCRATICA E PROGRESSISTA
1353630,3,4,417085,IMPEGNO CIVICO LUIGI DI MAIO - CENTRO DEMOCRATICO
1353635,0,1,417102,ALLEANZA VERDI E SINISTRA
1353635,1,2,420514,+EUROPA
1353635,2,3,417095,PARTITO DEMOCRATICO - ITALIA DEMOCRATICA E PROGRESSISTA
1353635,3,4,417088,IMPEGNO CIVICO LUIGI DI MAIO - CENTRO DEMOCRATICO
1353640,0,1,417102,ALLEANZA VERDI E SINISTRA
1353640,1,2,420514,+EUROPA
1353640,2,3,417095,PARTITO DEMOCRATICO - ITALIA DEMOCRATICA E PROGRESSISTA
1353640,3,4,417088,IMPEGNO CIVICO LUIGI DI MAIO - CENTRO DEMOCRATICO
1353642,0,1,417102,ALLEANZA VERDI E SINISTRA
1353642,1,2,420514,+EUROPA
1353642,2,3,417095,PARTITO DEMOCRATICO - ITALIA DEMOCRATICA E PROGRESSISTA
1353642,3,4,417088,IMPEGNO CIVICO LUIGI DI MAIO - CENTRO DEMOCRATICO
1353647,0,5,417860,NOI MODERATI/LUPI - TOTI - BRUGNARO - UDC
1353647,1,6,417166,LEGA PER SALVINI PREMIER
1353647,2,7,417855,FORZA ITALIA
1353647,3,8,417081,FRATELLI D'ITALIA CON GIORGIA MELONI
1353650,0,4,420477,IMPEGNO CIVICO LUIGI DI MAIO - CENTRO DEMOCRATICO
1353650,1,7,420442,ALLEANZA VERDI E SINISTRA
1353650,2,8,421120,PARTITO DEMOCRATICO - ITALIA DEMOCRATICA E PROGRESSISTA
1353650,3,14,421023,+EUROPA
1353676,0,5,417860,NOI MODERATI/LUPI - TOTI - BRUGNARO - UDC
1353676,1,6,417166,LEGA PER SALVINI PREMIER
1353676,2,7,417855,FORZA ITALIA
1353676,3,8,417081,FRATELLI D'ITALIA CON GIORGIA MELONI
1353718,0,5,417860,NOI MODERATI/LUPI - TOTI - BRUGNARO - UDC
1353718,1,6,417166,LEGA PER SALVINI PREMIER
1353718,2,7,417855,FORZA ITALIA
1353718,3,8,417081,FRATELLI D'ITALIA CON GIORGIA MELONI
1353869,0,16,420281,ALTERNATIVA PER L'ITALIA - NO GREEN PASS
1353878,0,16,420281,ALTERNATIVA PER L'ITALIA - NO GREEN PASS
1353967,0,10,420189,UNIONE POPOLARE CON DE MAGISTRIS
1354021,0,16,420281,ALTERNATIVA PER L'ITALIA - NO GREEN PASS
1354025,0,16,420285,ALTERNATIVA PER L'ITALIA - NO GREEN PASS
1354033,0,16,420285,ALTERNATIVA PER L'ITALIA - NO GREEN PASS
1354034,0,11,417004,PARTITO DEMOCRATICO - ITALIA DEMOCRATICA E PROGRESSISTA
1354034,1,12,416913,IMPEGNO CIVICO LUIGI DI MAIO - CENTRO DEMOCRATICO
1354034,2,13,419845,+EUROPA
1354034,3,14,416995,ALLEANZA VERDI E SINISTRA
1354041,0,7,416897,ITALEXIT PER L'ITALIA
1354081,0,16,420285,ALTERNATIVA PER L'ITALIA - NO GREEN PASS
1354087,0,9,416894,MOVIMENTO 5 STELLE
1354102,0,6,416903,ITALIA SOVRANA E POPOLARE
1354110,0,2,420213,ITALEXIT PER L'ITALIA
1354115,0,1,416916,FORZA ITALIA
1354115,1,2,419848,LEGA PER SALVINI PREMIER
1354115,2,3,419835,NOI MODERATI/LUPI - TOTI - BRUGNARO - UDC
1354115,3,4,416998,FRATELLI D'ITALIA CON GIORGIA MELONI
1354117,0,4,420474,VITA
1354122,0,5,419079,MOVIMENTO 5 STELLE
1354124,0,6,420855,AZIONE - ITALIA VIVA - CALENDA
1354138,0,6,420398,FRATELLI D'ITALIA CON GIORGIA MELONI
1354138,1,7,420387,FORZA ITALIA
1354138,2,8,420381,LEGA PER SALVINI PREMIER
1354138,3,9,420432,NOI MODERATI/LUPI - TOTI - BRUGNARO - UDC
1354157,0,14,420390,+EUROPA
1354157,1,15,420409,ALLEANZA VERDI E SINISTRA
1354157,2,16,420401,IMPEGNO CIVICO LUIGI DI MAIO - CENTRO DEMOCRATICO
1354157,3,17,420393,PARTITO DEMOCRATICO - ITALIA DEMOCRATICA E PROGRESSISTA
1354160,0,19,420404,MOVIMENTO 5 STELLE
1354166,0,12,420412,MASTELLA NOI DI CENTRO EUROPEISTI
1354169,0,11,420429,PARTITO COMUNISTA ITALIANO
1354184,0,5,420195,ITALIA SOVRANA E POPOLARE
1354201,0,1,419171,ALLEANZA VERDI E SINISTRA
1354201,1,2,420853,IMPEGNO CIVICO LUIGI DI MAIO - CENTRO DEMOCRATICO
1354201,2,3,418805,PARTITO DEMOCRATICO - ITALIA DEMOCRATICA E PROGRESSISTA
1354201,3,4,419167,+EUROPA
1354205,0,10,418801,NOI MODERATI/LUPI - TOTI - BRUGNARO - UDC
1354205,1,11,419169,FRATELLI D'ITALIA CON GIORGIA MELONI
1354205,2,12,420851,FORZA ITALIA
1354205,3,13,419081,LEGA PER SALVINI PREMIER
1354209,0,7,418803,PARTITO COMUNISTA ITALIANO
1354211,0,15,419077,VITA
1354212,0,10,417001,AZIONE - ITALIA VIVA - CALENDA
1354234,0,20,420384,AZIONE - ITALIA VIVA - CALENDA
1354242,0,7,416897,ITALEXIT PER L'ITALIA
1354249,0,6,416903,ITALIA SOVRANA E POPOLARE
1354251,0,5,420961,MOVIMENTO 5 STELLE
1354253,0,1,416916,FORZA ITALIA
1354253,1,2,419848,LEGA PER SALVINI PREMIER
1354253,2,3,419835,NOI MODERATI/LUPI - TOTI - BRUGNARO - UDC
1354253,3,4,416998,FRATELLI D'ITALIA CON GIORGIA MELONI
1354255,0,10,417001,AZIONE - ITALIA VIVA - CALENDA
1354257,0,5,420961,MOVIMENTO 5 STELLE
1354264,0,5,420961,MOVIMENTO 5 STELLE
1354268,0,8,419854,VITA
1354270,0,5,420965,MOVIMENTO 5 STELLE
1354273,0,5,420965,MOVIMENTO 5 STELLE
1354279,0,5,420965,MOVIMENTO 5 STELLE
1354289,0,8,419854,VITA
1354303,0,11,417004,PARTITO DEMOCRATICO - ITALIA DEMOCRATICA E PROGRESSISTA
1354303,1,12,416913,IMPEGNO CIVICO LUIGI DI MAIO - CENTRO DEMOCRATICO
1354303,2,13,419845,+EUROPA
1354303,3,14,416995,ALLEANZA VERDI E SINISTRA
1354308,0,9,416894,MOVIMENTO 5 STELLE
1354418,0,1,420439,SUD CHIAMA NORD
1354454,0,10,420189,UNIONE POPOLARE CON DE MAGISTRIS
1354459,0,5,420195,ITALIA SOVRANA E POPOLARE
1354466,0,10,420880,ITALIA SOVRANA E POPOLARE
1354468,0,2,420213,ITALEXIT PER L'ITALIA
1354469,0,10,420880,ITALIA SOVRANA E POPOLARE
1354472,0,4,420474,VITA
1354473,0,10,420884,ITALIA SOVRANA E POPOLARE
1354475,0,10,420884,ITALIA SOVRANA E POPOLARE
1354478,0,10,420884,ITALIA SOVRANA E POPOLARE
1354513,0,18,420444,ALTERNATIVA PER L'ITALIA - NO GREEN PASS
1354516,0,3,420447,FORZA DEL POPOLO
1354519,0,13,420450,PARTITO ANIMALISTA - UCDL - 10 VOLTE MEGLIO
1354557,0,6,420398,FRATELLI D'ITALIA CON GIORGIA MELONI
1354557,1,7,420387,FORZA ITALIA
1354557,2,8,420381,LEGA PER SALVINI PREMIER
1354557,3,9,420432,NOI MODERATI/LUPI - TOTI - BRUGNARO - UDC
1354566,0,10,420889,ITALIA SOVRANA E POPOLARE
1354577,0,10,420889,ITALIA SOVRANA E POPOLARE
1354578,0,14,420390,+EUROPA
1354578,1,15,420409,ALLEANZA VERDI E SINISTRA
1354578,2,16,420401,IMPEGNO CIVICO LUIGI DI MAIO - CENTRO DEMOCRATICO
1354578,3,17,420393,PARTITO DEMOCRATICO - ITALIA DEMOCRATICA E PROGRESSISTA
1354611,0,10,420880,ITALIA SOVRANA E POPOLARE
1354657,0,5,420907,MASTELLA NOI DI CENTRO EUROPEISTI
1354661,0,5,420907,MASTELLA NOI DI CENTRO EUROPEISTI
1354670,0,5,420912,MASTELLA NOI DI CENTRO EUROPEISTI
1354672,0,14,421073,VITA
1354676,0,14,421073,VITA
1354688,0,20,420384,AZIONE - ITALIA VIVA - CALENDA
1354690,0,10,420889,ITALIA SOVRANA E POPOLARE
1354738,0,5,420903,MASTELLA NOI DI CENTRO EUROPEISTI
1354742,0,9,421017,LEGA PER SALVINI PREMIER
1354742,1,10,421019,FRATELLI D'ITALIA CON GIORGIA MELONI
1354742,2,11,421021,FORZA ITALIA
1354742,3,15,421025,NOI MODERATI/LUPI - TOTI - BRUGNARO - UDC
1354750,0,13,421126,MASTELLA NOI DI CENTRO EUROPEISTI
1354752,0,10,421069,AZIONE - ITALIA VIVA - CALENDA
1354756,0,10,421069,AZIONE - ITALIA VIVA - CALENDA
1354768,0,5,420907,MASTELLA NOI DI CENTRO EUROPEISTI
1354775,0,5,420903,MASTELLA NOI DI CENTRO EUROPEISTI
1354780,0,19,420404,MOVIMENTO 5 STELLE
1354781,0,10,420884,ITALIA SOVRANA E POPOLARE
1354782,0,12,420412,MASTELLA NOI DI CENTRO EUROPEISTI
1354784,0,10,420889,ITALIA SOVRANA E POPOLARE
1354789,0,11,420429,PARTITO COMUNISTA ITALIANO
1354792,0,1,420439,SUD CHIAMA NORD
1354794,0,18,420444,ALTERNATIVA PER L'ITALIA - NO GREEN PASS
1354798,0,3,420447,FORZA DEL POPOLO
1354803,0,10,421065,AZIONE - ITALIA VIVA - CALENDA
1354806,0,13,420450,PARTITO ANIMALISTA - UCDL - 10 VOLTE MEGLIO
1354807,0,10,421065,AZIONE - ITALIA VIVA - CALENDA
1354810,0,10,421065,AZIONE - ITALIA VIVA - CALENDA
1354812,0,5,420903,MASTELLA NOI DI CENTRO EUROPEISTI
1354813,0,12,421122,AZIONE - ITALIA VIVA - CALENDA
1354814,0,10,421069,AZIONE - ITALIA VIVA - CALENDA
1354869,0,16,421180,ITALIA SOVRANA E POPOLARE
1354881,0,5,420912,MASTELLA NOI DI CENTRO EUROPEISTI
1354885,0,5,420912,MASTELLA NOI DI CENTRO EUROPEISTI
1354886,0,14,421073,VITA
1354889,0,5,420907,MASTELLA NOI DI CENTRO EUROPEISTI
1354895,0,14,421077,VITA
1354897,0,16,421180,ITALIA SOVRANA E POPOLARE
1354898,0,5,420912,MASTELLA NOI DI CENTRO EUROPEISTI
1354902,0,16,421184,ITALIA SOVRANA E POPOLARE
1354913,0,11,418425,ALLEANZA VERDI E SINISTRA
1354913,1,13,418595,PARTITO DEMOCRATICO - ITALIA DEMOCRATICA E PROGRESSISTA
1354913,2,14,418453,+EUROPA
1354913,3,15,418674,IMPEGNO CIVICO LUIGI DI MAIO - CENTRO DEMOCRATICO
1354919,0,11,418425,ALLEANZA VERDI E SINISTRA
1354919,1,13,418595,PARTITO DEMOCRATICO - ITALIA DEMOCRATICA E PROGRESSISTA
1354919,2,14,418453,+EUROPA
1354919,3,15,418674,IMPEGNO CIVICO LUIGI DI MAIO - CENTRO DEMOCRATICO
1354959,0,5,416891,UNIONE POPOLARE CON DE MAGISTRIS
1354962,0,14,420718,UNIONE POPOLARE CON DE MAGISTRIS
1354972,0,14,420722,UNIONE POPOLARE CON DE MAGISTRIS
1354982,0,16,421180,ITALIA SOVRANA E POPOLARE
1354987,0,16,421184,ITALIA SOVRANA E POPOLARE
1354993,0,14,421077,VITA
1354997,0,14,421077,VITA
1355008,0,11,418425,ALLEANZA VERDI E SINISTRA
1355008,1,13,418595,PARTITO DEMOCRATICO - ITALIA DEMOCRATICA E PROGRESSISTA
1355008,2,14,418453,+EUROPA
1355008,3,15,418674,IMPEGNO CIVICO LUIGI DI MAIO - CENTRO DEMOCRATICO
1355026,0,16,418613,MOVIMENTO 5 STELLE
1355038,0,14,420718,UNIONE POPOLARE CON DE MAGISTRIS
1355039,0,5,416891,UNIONE POPOLARE CON DE MAGISTRIS
1355040,0,14,420722,UNIONE POPOLARE CON DE MAGISTRIS
1355042,0,14,420722,UNIONE POPOLARE CON DE MAGISTRIS
1355043,0,14,420718,UNIONE POPOLARE CON DE MAGISTRIS
1355044,0,14,420727,UNIONE POPOLARE CON DE MAGISTRIS
1355045,0,14,420727,UNIONE POPOLARE CON DE MAGISTRIS
1355046,0,14,420727,UNIONE POPOLARE CON DE MAGISTRIS
1355047,0,14,420727,UNIONE POPOLARE CON DE MAGISTRIS
1355080,0,16,421184,ITALIA SOVRANA E POPOLARE
1355084,0,11,418425,ALLEANZA VERDI E SINISTRA
1355084,1,13,418595,PARTITO DEMOCRATICO - ITALIA DEMOCRATICA E PROGRESSISTA
1355084,2,14,418453,+EUROPA
1355084,3,15,418674,IMPEGNO CIVICO LUIGI DI MAIO - CENTRO DEMOCRATICO
1355109,0,16,418613,MOVIMENTO 5 STELLE
1355112,0,16,418613,MOVIMENTO 5 STELLE
1355120,0,16,418613,MOVIMENTO 5 STELLE
1355187,0,14,420722,UNIONE POPOLARE CON DE MAGISTRIS
1355290,0,6,421323,ITALEXIT PER L'ITALIA
1355292,0,6,421323,ITALEXIT PER L'ITALIA
1355294,0,6,421323,ITALEXIT PER L'ITALIA
1355340,0,18,415969,MASTELLA NOI DI CENTRO EUROPEISTI
1355341,0,18,415972,MASTELLA NOI DI CENTRO EUROPEISTI
1355342,0,18,415972,MASTELLA NOI DI CENTRO EUROPEISTI
1355369,0,7,418106,MOVIMENTO 5 STELLE
1355370,0,7,418106,MOVIMENTO 5 STELLE
1355371,0,7,418106,MOVIMENTO 5 STELLE
1355372,0,7,418106,MOVIMENTO 5 STELLE
1355419,0,6,417474,NOI MODERATI/LUPI - TOTI - BRUGNARO - UDC
1355419,1,7,420748,LEGA PER SALVINI PREMIER
1355419,2,8,418830,FRATELLI D'ITALIA CON GIORGIA MELONI
1355419,3,9,417188,FORZA ITALIA
1355422,0,9,419863,ITALEXIT PER L'ITALIA
1355525,0,18,415972,MASTELLA NOI DI CENTRO EUROPEISTI
1375024,0,12,419519,UNIONE POPOLARE CON DE MAGISTRIS
1350701,0,,,PARTITO COMUNISTA ITALIANO
1350707,0,,,VALLE DAOSTE  AUTONOMIE PROGRS FDRALISME
1348434,0,,,VALLE D'AOSTA APERTA
1350692,0,,,ITALIA SOVRANA E POPOLARE
1348435,0,,,UNIONE POPOLARE CON DE MAGISTRIS
1350704,0,,,LEGA PER SALVINI PREMIER - FORZA ITALIA - NOI MODERATI - FRATELLI D'ITALIA
1351320,0,,,VITA
1348433,0,,,POUR LAUTONOMIE  PER LAUTONOMIA
1351089,0,,,MOVIMENTO 5 STELLE
1348271,0,,,SDTIROLER VOLKSPARTEI (SVP) - PATT
1348410,0,,,ITALIA SOVRANA E POPOLARE
1350933,0,,,UNIONE POPOLARE CON DE MAGISTRIS
1352769,0,,,CAMPOBASE - +EUROPA - ALLEANZA VERDI E SINISTRA  PD - AZIONE-ITALIA VIVA
1350568,0,,,LEGA PER SALVINI PREMIER - FORZA ITALIA - NOI MODERATI - FRATELLI D'ITALIA
1351090,0,,,MOVIMENTO 5 STELLE
1353070,0,,,VITA
1348481,0,,,SDTIROLER VOLKSPARTEI (SVP) - PATT
1348425,0,,,ITALIA SOVRANA E POPOLARE
1350941,0,,,UNIONE POPOLARE CON DE MAGISTRIS
1352991,0,,,CAMPOBASE - +EUROPA - ALLEANZA VERDI E SINISTRA  PD - AZIONE-ITALIA VIVA
1350578,0,,,LEGA PER SALVINI PREMIER - FORZA ITALIA - NOI MODERATI - FRATELLI D'ITALIA
1351010,0,,,MOVIMENTO 5 STELLE
1348473,0,,,SDTIROLER VOLKSPARTEI (SVP) - PATT
1348238,0,,,ITALIA SOVRANA E POPOLARE
1350946,0,,,UNIONE POPOLARE CON DE MAGISTRIS
1354226,0,,,CAMPOBASE - +EUROPA - ALLEANZA VERDI E SINISTRA  PD - AZIONE-ITALIA VIVA
1350787,0,,,LEGA PER SALVINI PREMIER - FORZA ITALIA - NOI MODERATI - FRATELLI D'ITALIA
1351019,0,,,MOVIMENTO 5 STELLE
1353269,0,,,VITA
1351032,0,,,AZIONE - ITALIA VIVA - CALENDA
1348476,0,,,SDTIROLER VOLKSPARTEI (SVP) - PATT
1354278,0,,,PARTITO DEMOCRATICO - +EUROPA - ALLEANZA VERDI E SINISTRA
1348257,0,,,ITALIA SOVRANA E POPOLARE
1350997,0,,,UNIONE POPOLARE CON DE MAGISTRIS
1350801,0,,,LEGA PER SALVINI PREMIER - FORZA ITALIA - NOI MODERATI - FRATELLI D'ITALIA
1348568,0,,,DIE FREIHEITLICHEN
1352725,0,,,PARTITO DEMOCRATICO - ITALIA DEMOCRATICA E PROGRESSISTA
1350896,0,,,ALLEANZA VERDI E SINISTRA
1351024,0,,,MOVIMENTO 5 STELLE
1353399,0,,,VITA
1351033,0,,,AZIONE - ITALIA VIVA - CALENDA
1348680,0,,,SDTIROLER VOLKSPARTEI (SVP) - PATT
1350402,0,,,TEAM K
1350719,0,,,LEGA PER SALVINI PREMIER - FORZA ITALIA - NOI MODERATI - FRATELLI D'ITALIA
1348611,0,,,DIE FREIHEITLICHEN
1352734,0,,,PARTITO DEMOCRATICO - ITALIA DEMOCRATICA E PROGRESSISTA
1350905,0,,,ALLEANZA VERDI E SINISTRA
1351028,0,,,MOVIMENTO 5 STELLE
1353416,0,,,VITA
1351034,0,,,AZIONE - ITALIA VIVA - CALENDA
1348601,0,,,SDTIROLER VOLKSPARTEI (SVP) - PATT
1350499,0,,,TEAM K
1350817,0,,,LEGA PER SALVINI PREMIER - FORZA ITALIA - NOI MODERATI - FRATELLI D'ITALIA
1348791,0,,,DIE FREIHEITLICHEN
