n_ord,l_fasc,cod_ente_p2,desc_ente_p2,cod_ente_p,desc_ente_p,cod_ente,desc_ente,num_c,cod_cand,nome_c,cogn_c,altro_1,altro_2,dt_nasc,l_nasc,sesso
,,CI01,PIEMONTE,CP011,PIEMONTE - P01,CU0111,PIEMONTE - U01,1,1347142,PAOLA,SPINOSA,,,1972,VENARIA REALE (TO),F
,,CI01,PIEMONTE,CP011,PIEMONTE - P01,CU0111,PIEMONTE - U01,2,1348140,SILVIA,MARTINI,,,1974,VENARIA REALE (TO),F
,,CI01,PIEMONTE,CP011,PIEMONTE - P01,CU0111,PIEMONTE - U01,3,1348217,MARZIA,CASOLATI,,,1970,TORINO,F
,,CI01,PIEMONTE,CP011,PIEMONTE - P01,CU0111,PIEMONTE - U01,4,1348681,ANDREA,GIORGIS,,,1965,TORINO,M
,,CI01,PIEMONTE,CP011,PIEMONTE - P01,CU0111,PIEMONTE - U01,5,1347184,ALBERTO,UNIA,,,1966,TORINO,M
,,CI01,PIEMONTE,CP011,PIEMONTE - P01,CU0111,PIEMONTE - U01,6,1350405,CRISTINA,PEDDIS,,,1967,TORINO,F
,,CI01,PIEMONTE,CP011,PIEMONTE - P01,CU0111,PIEMONTE - U01,7,1350693,MARIA LUISA,TOMA,,,1972,TORINO,F
,,CI01,PIEMONTE,CP011,PIEMONTE - P01,CU0111,PIEMONTE - U01,8,1351244,STEFANO,GRASSO,,,1969,TORINO,M
,,CI01,PIEMONTE,CP011,PIEMONTE - P01,CU0111,PIEMONTE - U01,9,1347309,DIEGO SILVIO,NOVO,,,1967,AVIGLIANA (TO),M
,,CI01,PIEMONTE,CP011,PIEMONTE - P01,CU0111,PIEMONTE - U01,10,1347196,ADRIANO,SCANGA,,,1977,LIESTAL (SVIZZERA),M
,,CI01,PIEMONTE,CP011,PIEMONTE - P01,CU0112,PIEMONTE - U02,1,1347225,MAURO,CASSI,,,1950,PIANELLO VAL TIDONE (PC),M
,,CI01,PIEMONTE,CP011,PIEMONTE - P01,CU0112,PIEMONTE - U02,2,1348141,MANUELA,LATINO,,,1964,PINEROLO (TO),F
,,CI01,PIEMONTE,CP011,PIEMONTE - P01,CU0112,PIEMONTE - U02,3,1348315,PAOLA,AMBROGIO,,,1970,TORINO,F
,,CI01,PIEMONTE,CP011,PIEMONTE - P01,CU0112,PIEMONTE - U02,4,1348709,ELENA,APOLLONIO,,,1967,TORINO,F
,,CI01,PIEMONTE,CP011,PIEMONTE - P01,CU0112,PIEMONTE - U02,5,1347282,ELISA,PIRRO,,,1973,TORINO,F
,,CI01,PIEMONTE,CP011,PIEMONTE - P01,CU0112,PIEMONTE - U02,6,1350410,MICHEL,BOUQUET,,,1976,PINEROLO (TO),M
,,CI01,PIEMONTE,CP011,PIEMONTE - P01,CU0112,PIEMONTE - U02,7,1350696,ANGELA,FRA,,,1966,TORINO,F
,,CI01,PIEMONTE,CP011,PIEMONTE - P01,CU0112,PIEMONTE - U02,8,1351246,MARILENA,FORNELLI BARDINA,,,1958,TORINO,F
,,CI01,PIEMONTE,CP011,PIEMONTE - P01,CU0112,PIEMONTE - U02,9,1347310,CARLO,DEL VECCHIO,,,1973,CASERTA,M
,,CI01,PIEMONTE,CP011,PIEMONTE - P01,CU0112,PIEMONTE - U02,10,1347290,DANIELA,ALFONZI,,,1957,TORINO,F
,,CI01,PIEMONTE,CP012,PIEMONTE - P02,CU0121,PIEMONTE - U03,1,1348971,SERGIO,BELTRAME,,,1952,TORINO,M
,,CI01,PIEMONTE,CP012,PIEMONTE - P02,CU0121,PIEMONTE - U03,2,1348151,PAUL RENATO,ROSETTE,,,1963,LONDRA (REGNO UNITO),M
,,CI01,PIEMONTE,CP012,PIEMONTE - P02,CU0121,PIEMONTE - U03,3,1348395,GAETANO,NASTRI,,,1968,BOSCOREALE (NA),M
,,CI01,PIEMONTE,CP012,PIEMONTE - P02,CU0121,PIEMONTE - U03,4,1348815,ROSSANO,PIROVANO,,,1969,RUVIANO (CE),M
,,CI01,PIEMONTE,CP012,PIEMONTE - P02,CU0121,PIEMONTE - U03,5,1347285,LUCA,ZACCHERO,,,1969,TORINO,M
,,CI01,PIEMONTE,CP012,PIEMONTE - P02,CU0121,PIEMONTE - U03,6,1350582,ROBERTO CATALDO,FAGGIANO,,,1976,BORGOMANERO (NO),M
,,CI01,PIEMONTE,CP012,PIEMONTE - P02,CU0121,PIEMONTE - U03,7,1350702,GALGANO,PALAFERRI,,,1962,TORINO,M
,,CI01,PIEMONTE,CP012,PIEMONTE - P02,CU0121,PIEMONTE - U03,8,1351250,ELEONORA,VETERE,,,1970,VERCELLI,F
,,CI01,PIEMONTE,CP012,PIEMONTE - P02,CU0121,PIEMONTE - U03,9,1347296,FRANCESCA,BUCINO,,,1976,BIELLA,F
,,CI01,PIEMONTE,CP012,PIEMONTE - P02,CU0121,PIEMONTE - U03,10,1347293,GABRIELE,ARATI,,,1970,GALLIATE (NO),M
,,CI01,PIEMONTE,CP012,PIEMONTE - P02,CU0122,PIEMONTE - U04,1,1348974,DELIA LUISELLA,FERRARESE,,,1956,TORINO,F
,,CI01,PIEMONTE,CP012,PIEMONTE - P02,CU0122,PIEMONTE - U04,2,1348153,CHIARA,CHIRIO,,,1980,TORINO,F
,,CI01,PIEMONTE,CP012,PIEMONTE - P02,CU0122,PIEMONTE - U04,3,1348224,PAOLO,ZANGRILLO,,,1961,GENOVA,M
,,CI01,PIEMONTE,CP012,PIEMONTE - P02,CU0122,PIEMONTE - U04,4,1348736,MARIA RITA,ROSSA,,,1966,ALESSANDRIA,F
,,CI01,PIEMONTE,CP012,PIEMONTE - P02,CU0122,PIEMONTE - U04,5,1347286,MARIASSUNTA,MATRISCIANO,DETTA,SUSY,1975,POMIGLIANO D'ARCO (NA),F
,,CI01,PIEMONTE,CP012,PIEMONTE - P02,CU0122,PIEMONTE - U04,6,1350426,ANNA,BRACCO,,,1954,CLAVESANA (CN),F
,,CI01,PIEMONTE,CP012,PIEMONTE - P02,CU0122,PIEMONTE - U04,7,1350703,GIUSEPPA,COSTANTINO,,,1952,CATANIA,F
,,CI01,PIEMONTE,CP012,PIEMONTE - P02,CU0122,PIEMONTE - U04,8,1351509,LUIGI,SALVANESCHI,,,1967,RIVOLI (TO),M
,,CI01,PIEMONTE,CP012,PIEMONTE - P02,CU0122,PIEMONTE - U04,9,1347297,FULVIO,GRIMALDI,,,1934,FIRENZE,M
,,CI01,PIEMONTE,CP012,PIEMONTE - P02,CU0122,PIEMONTE - U04,10,1347096,MANRICA,BURI,,,1960,CHIERI (TO),F
,,CI01,PIEMONTE,CP012,PIEMONTE - P02,CU0123,PIEMONTE - U05,1,1348976,GIOVANNI,FREZZATO,,,1953,ROSOLINA (RO),M
,,CI01,PIEMONTE,CP012,PIEMONTE - P02,CU0123,PIEMONTE - U05,2,1348155,DAVIDE,GALLO,,,1966,CUNEO,M
,,CI01,PIEMONTE,CP012,PIEMONTE - P02,CU0123,PIEMONTE - U05,3,1348400,GIORGIO MARIA,BERGESIO,,,1963,BRA (CN),M
,,CI01,PIEMONTE,CP012,PIEMONTE - P02,CU0123,PIEMONTE - U05,4,1348637,FIAMMETTA,ROSSO,,,1971,SALUZZO (CN),F
,,CI01,PIEMONTE,CP012,PIEMONTE - P02,CU0123,PIEMONTE - U05,5,1347287,ROBERTO,FALCONE,,,1966,TORINO,M
,,CI01,PIEMONTE,CP012,PIEMONTE - P02,CU0123,PIEMONTE - U05,6,1350585,VINCENZO,PELLEGRINO,,,1964,CUNEO,M
,,CI01,PIEMONTE,CP012,PIEMONTE - P02,CU0123,PIEMONTE - U05,7,1350705,ALESSANDRO,GUASTELLA,,,1980,TORINO,M
,,CI01,PIEMONTE,CP012,PIEMONTE - P02,CU0123,PIEMONTE - U05,8,1351251,LOREDANA,NINETTI,,,1953,TORINO,F
,,CI01,PIEMONTE,CP012,PIEMONTE - P02,CU0123,PIEMONTE - U05,9,1347298,SONIA,GRIECO,,,1978,GENOVA,F
,,CI01,PIEMONTE,CP012,PIEMONTE - P02,CU0123,PIEMONTE - U05,10,1347097,MICHELE,BARACCO,,,1949,PIANA CRIXIA (SV),M
,,CI03,LOMBARDIA,CP031,LOMBARDIA - P01,CU0311,LOMBARDIA - U01,1,1352435,ORLANDO VIVALDO,RINALDI,,,1961,VILLA MINOZZO,M
,,CI03,LOMBARDIA,CP031,LOMBARDIA - P01,CU0311,LOMBARDIA - U01,2,1354738,VINCENZO,DONNARUMMA,,,1959,CASTELLAMARE DI STABIA,M
,,CI03,LOMBARDIA,CP031,LOMBARDIA - P01,CU0311,LOMBARDIA - U01,3,1352238,MASSIMILIANO,ROMEO,,,1971,MONZA,M
,,CI03,LOMBARDIA,CP031,LOMBARDIA - P01,CU0311,LOMBARDIA - U01,4,1354466,EMANUELA BRUNA,GUGGIOLA PASOLINI,,,1959,MILANO,F
,,CI03,LOMBARDIA,CP031,LOMBARDIA - P01,CU0311,LOMBARDIA - U01,5,1349045,FRANCESCA,BONOLDI,,,1974,VARESE,F
,,CI03,LOMBARDIA,CP031,LOMBARDIA - P01,CU0311,LOMBARDIA - U01,6,1352895,SONIA,SIGURTA',,,1957,SESTO SAN GIOVANNI,F
,,CI03,LOMBARDIA,CP031,LOMBARDIA - P01,CU0311,LOMBARDIA - U01,7,1349416,GIUSEPPINA,VERSACE,DETTA,GIUSY,1977,REGGIO DI CALABRIA,F
,,CI03,LOMBARDIA,CP031,LOMBARDIA - P01,CU0311,LOMBARDIA - U01,8,1355038,ANNA MARIA,LURIDIANA,,,1963,MILANO,F
,,CI03,LOMBARDIA,CP031,LOMBARDIA - P01,CU0311,LOMBARDIA - U01,9,1353075,ANDREA,TRONCONI,,,1982,LUGO,M
,,CI03,LOMBARDIA,CP031,LOMBARDIA - P01,CU0312,LOMBARDIA - U02,1,1352448,CONCETTA AURORA,LONGO,,,1975,CITTANOVA,F
,,CI03,LOMBARDIA,CP031,LOMBARDIA - P01,CU0312,LOMBARDIA - U02,2,1354812,LISA,MOLTENI,,,1978,SARONNO,F
,,CI03,LOMBARDIA,CP031,LOMBARDIA - P01,CU0312,LOMBARDIA - U02,3,1352348,LICIA,RONZULLI,,,1975,MILANO,F
,,CI03,LOMBARDIA,CP031,LOMBARDIA - P01,CU0312,LOMBARDIA - U02,4,1354469,LEONARDA MARIA,BARBAROTTA,,,1971,USA,F
,,CI03,LOMBARDIA,CP031,LOMBARDIA - P01,CU0312,LOMBARDIA - U02,5,1348115,TOMMASO,LEONI,,,1982,COMO,M
,,CI03,LOMBARDIA,CP031,LOMBARDIA - P01,CU0312,LOMBARDIA - U02,6,1352901,ROBERTO,MAGGI,,,1968,MONZA,M
,,CI03,LOMBARDIA,CP031,LOMBARDIA - P01,CU0312,LOMBARDIA - U02,7,1349343,GIUSEPPE,CONTI,,,1964,BOSISIO PARINI,M
,,CI03,LOMBARDIA,CP031,LOMBARDIA - P01,CU0312,LOMBARDIA - U02,8,1354962,PIERLUIGI,TAVECCHIO,,,1960,ERBA,M
,,CI03,LOMBARDIA,CP031,LOMBARDIA - P01,CU0312,LOMBARDIA - U02,9,1353386,MARZIA,DEL PAPA,,,1973,BERGAMO,F
,,CI03,LOMBARDIA,CP031,LOMBARDIA - P01,CU0313,LOMBARDIA - U06,1,1352457,FEDERICA,PERELLI,,,1972,MILANO,F
,,CI03,LOMBARDIA,CP031,LOMBARDIA - P01,CU0313,LOMBARDIA - U06,2,1354775,MARIA,VIVOLO,,,1970,SARONNO,F
,,CI03,LOMBARDIA,CP031,LOMBARDIA - P01,CU0313,LOMBARDIA - U06,3,1352251,SILVIO,BERLUSCONI,,,1936,MILANO,M
,,CI03,LOMBARDIA,CP031,LOMBARDIA - P01,CU0313,LOMBARDIA - U06,4,1354611,MARTINO,PIROZZI,,,1966,SEREGNO,M
,,CI03,LOMBARDIA,CP031,LOMBARDIA - P01,CU0313,LOMBARDIA - U06,5,1349205,BRUNO,MARTON,,,1969,VAREDO,M
,,CI03,LOMBARDIA,CP031,LOMBARDIA - P01,CU0313,LOMBARDIA - U06,6,1352846,FABIO,MERONI,,,1957,LISSONE,M
,,CI03,LOMBARDIA,CP031,LOMBARDIA - P01,CU0313,LOMBARDIA - U06,7,1349422,FABIO GIOVANNI CARMELO,ALBANESE,,,1959,MILANO,M
,,CI03,LOMBARDIA,CP031,LOMBARDIA - P01,CU0313,LOMBARDIA - U06,8,1355043,ANITA,GIURIATO,,,1976,VIMERCATE,F
,,CI03,LOMBARDIA,CP031,LOMBARDIA - P01,CU0313,LOMBARDIA - U06,9,1353392,CATERINA,PAGLIARI,,,1955,CREMA,F
,,CI03,LOMBARDIA,CP032,LOMBARDIA - P02,CU0321,LOMBARDIA - U03,1,1352520,ANTONIO,MISIANI,,,1968,BERGAMO,M
,,CI03,LOMBARDIA,CP032,LOMBARDIA - P02,CU0321,LOMBARDIA - U03,2,1354768,MASSIMO,PICOZZI,,,1966,MILANO,M
,,CI03,LOMBARDIA,CP032,LOMBARDIA - P02,CU0321,LOMBARDIA - U03,3,1352359,MARIA CRISTINA,CANTU',,,1964,VARESE,F
,,CI03,LOMBARDIA,CP032,LOMBARDIA - P02,CU0321,LOMBARDIA - U03,4,1354473,CLAUDIO,SIGNORE,,,1965,MILANO,M
,,CI03,LOMBARDIA,CP032,LOMBARDIA - P02,CU0321,LOMBARDIA - U03,5,1348028,EUGENIO,CASALINO,,,1964,SONDRIO,M
,,CI03,LOMBARDIA,CP032,LOMBARDIA - P02,CU0321,LOMBARDIA - U03,6,1352862,GIANLUCA,LUCIANO,,,1969,CATANZARO,M
,,CI03,LOMBARDIA,CP032,LOMBARDIA - P02,CU0321,LOMBARDIA - U03,7,1349429,IVAN,SCALFAROTTO,,,1965,PESCARA,M
,,CI03,LOMBARDIA,CP032,LOMBARDIA - P02,CU0321,LOMBARDIA - U03,8,1355040,ALESSANDRO,LANZANI,,,1957,MILANO,M
,,CI03,LOMBARDIA,CP032,LOMBARDIA - P02,CU0321,LOMBARDIA - U03,9,1353397,GIANCARLO,INCERRANO,,,1967,PALERMO,M
,,CI03,LOMBARDIA,CP032,LOMBARDIA - P02,CU0322,LOMBARDIA - U04,1,1352526,EMANUELE,FIANO,,,1963,MILANO,M
,,CI03,LOMBARDIA,CP032,LOMBARDIA - P02,CU0322,LOMBARDIA - U04,2,1354657,MAURIZIO,CORRENTI,,,1970,PINEROLO,M
,,CI03,LOMBARDIA,CP032,LOMBARDIA - P02,CU0322,LOMBARDIA - U04,3,1352410,ISABELLA,RAUTI,,,1962,ROMA,F
,,CI03,LOMBARDIA,CP032,LOMBARDIA - P02,CU0322,LOMBARDIA - U04,4,1354475,ALBERTO,VALLICELLI,,,1973,BOLLATE,M
,,CI03,LOMBARDIA,CP032,LOMBARDIA - P02,CU0322,LOMBARDIA - U04,5,1348034,ELENA,SIRONI,,,1961,MILANO,F
,,CI03,LOMBARDIA,CP032,LOMBARDIA - P02,CU0322,LOMBARDIA - U04,6,1352926,SAMANTHA,MAZZA,,,1975,SARNO,F
,,CI03,LOMBARDIA,CP032,LOMBARDIA - P02,CU0322,LOMBARDIA - U04,7,1349436,TIZIANA,DEMMA,,,1971,MARSALA,F
,,CI03,LOMBARDIA,CP032,LOMBARDIA - P02,CU0322,LOMBARDIA - U04,8,1355042,NADIA,ROSA,,,1980,MILANO,F
,,CI03,LOMBARDIA,CP032,LOMBARDIA - P02,CU0322,LOMBARDIA - U04,9,1353405,GIANNI,GEMMA,,,1968,GERMANIA,M
,,CI03,LOMBARDIA,CP032,LOMBARDIA - P02,CU0323,LOMBARDIA - U05,1,1352478,ADRIANA,ALBINI,,,1955,VENEZIA,F
,,CI03,LOMBARDIA,CP032,LOMBARDIA - P02,CU0323,LOMBARDIA - U05,2,1354661,SAMANTHA,DEPONTI,,,1977,MELZO,F
,,CI03,LOMBARDIA,CP032,LOMBARDIA - P02,CU0323,LOMBARDIA - U05,3,1352415,IGNAZIO BENITO MARIA,LA RUSSA,,,1947,PATERNO',M
,,CI03,LOMBARDIA,CP032,LOMBARDIA - P02,CU0323,LOMBARDIA - U05,4,1354478,ALDA,MARINI,,,1956,ROMA,F
,,CI03,LOMBARDIA,CP032,LOMBARDIA - P02,CU0323,LOMBARDIA - U05,5,1348139,PAOLA,PIZZIGHINI,,,1964,PARMA,F
,,CI03,LOMBARDIA,CP032,LOMBARDIA - P02,CU0323,LOMBARDIA - U05,6,1352773,GIULIA,GHETTI,,,1972,FAENZA,F
,,CI03,LOMBARDIA,CP032,LOMBARDIA - P02,CU0323,LOMBARDIA - U05,7,1349446,MARCO,MALINVERNO,,,1961,MILANO,M
,,CI03,LOMBARDIA,CP032,LOMBARDIA - P02,CU0323,LOMBARDIA - U05,8,1354972,SARA MARIA,MASTRONICOLA,,,1981,MILANO,F
,,CI03,LOMBARDIA,CP032,LOMBARDIA - P02,CU0323,LOMBARDIA - U05,9,1353408,GIUSEPPE,MARZAGALLI,,,1947,GENOVA,M
,,CI03,LOMBARDIA,CP032,LOMBARDIA - P02,CU0324,LOMBARDIA - U10,1,1352683,VALERIO,FEDERICO,,,1967,VARESE,M
,,CI03,LOMBARDIA,CP032,LOMBARDIA - P02,CU0324,LOMBARDIA - U10,2,1354889,FABRIZIO,CALEFFI,,,1952,MILANO,M
,,CI03,LOMBARDIA,CP032,LOMBARDIA - P02,CU0324,LOMBARDIA - U10,3,1352417,GIAN MARCO,CENTINAIO,,,1971,PAVIA,M
,,CI03,LOMBARDIA,CP032,LOMBARDIA - P02,CU0324,LOMBARDIA - U10,4,1354781,BIANCA MARIA,GIORLA,,,1974,BORGOMANERO,F
,,CI03,LOMBARDIA,CP032,LOMBARDIA - P02,CU0324,LOMBARDIA - U10,5,1348044,SILVIA,BALDINA,,,1968,VIGEVANO,F
,,CI03,LOMBARDIA,CP032,LOMBARDIA - P02,CU0324,LOMBARDIA - U10,6,1353315,ELEONORA,TEMPESTA,,,1975,SESTO SAN GIOVANNI,F
,,CI03,LOMBARDIA,CP032,LOMBARDIA - P02,CU0324,LOMBARDIA - U10,7,1349457,FRANCESCA,ZANCHI,,,1963,ROMA,F
,,CI03,LOMBARDIA,CP032,LOMBARDIA - P02,CU0324,LOMBARDIA - U10,8,1355187,FRANCO,ROSSI,,,1954,BORGHETTO LODIGIANO,M
,,CI03,LOMBARDIA,CP032,LOMBARDIA - P02,CU0324,LOMBARDIA - U10,9,1353410,FULVIA,PEZZINI,,,1970,MILANO,F
,,CI03,LOMBARDIA,CP033,LOMBARDIA - P03,CU0331,LOMBARDIA - U07,1,1352543,GIACOMO,ANGELONI,,,1981,BERGAMO,M
,,CI03,LOMBARDIA,CP033,LOMBARDIA - P03,CU0331,LOMBARDIA - U07,2,1354670,ELENA,ZOPPI,,,1965,FIDENZA,F
,,CI03,LOMBARDIA,CP033,LOMBARDIA - P03,CU0331,LOMBARDIA - U07,3,1352589,DAISY,PIROVANO,,,1977,ROMANO DI LOMBARDIA,F
,,CI03,LOMBARDIA,CP033,LOMBARDIA - P03,CU0331,LOMBARDIA - U07,4,1354566,PAOLO,BIANCHINI,,,1978,ROMA,M
,,CI03,LOMBARDIA,CP033,LOMBARDIA - P03,CU0331,LOMBARDIA - U07,5,1348047,SABINA,LUPO,,,1966,TARANTO,F
,,CI03,LOMBARDIA,CP033,LOMBARDIA - P03,CU0331,LOMBARDIA - U07,6,1353081,LEONARDO,BLASI,,,1975,CREMONA,M
,,CI03,LOMBARDIA,CP033,LOMBARDIA - P03,CU0331,LOMBARDIA - U07,7,1349379,ANDREA,MOLTRASIO,,,1956,BERGAMO,M
,,CI03,LOMBARDIA,CP033,LOMBARDIA - P03,CU0331,LOMBARDIA - U07,8,1355044,DARIO,FRATUS,DETTO,DARIA,1974,WADENSWIL (SVIZZERA),M
,,CI03,LOMBARDIA,CP033,LOMBARDIA - P03,CU0331,LOMBARDIA - U07,9,1353413,SERENA FRANCESCA,MURATORE,,,1967,VIMERCATE,F
,,CI03,LOMBARDIA,CP033,LOMBARDIA - P03,CU0332,LOMBARDIA - U08,1,1352698,ROSA,VITALE,,,1954,BRESCIA,F
,,CI03,LOMBARDIA,CP033,LOMBARDIA - P03,CU0332,LOMBARDIA - U08,2,1354881,GIUSEPPE,COSTANZO,,,1970,MONZA,M
,,CI03,LOMBARDIA,CP033,LOMBARDIA - P03,CU0332,LOMBARDIA - U08,3,1355419,STEFANO,BORGHESI,,,1977,BRESCIA,M
,,CI03,LOMBARDIA,CP033,LOMBARDIA - P03,CU0332,LOMBARDIA - U08,4,1354690,VINCENZO,DELILLO,,,1964,TORINO,M
,,CI03,LOMBARDIA,CP033,LOMBARDIA - P03,CU0332,LOMBARDIA - U08,5,1348048,ANNA MARIA,BONETTINI,,,1971,BRENO,F
,,CI03,LOMBARDIA,CP033,LOMBARDIA - P03,CU0332,LOMBARDIA - U08,6,1353088,EROS,LODI,,,1972,GARDONE VAL TROMPIA,M
,,CI03,LOMBARDIA,CP033,LOMBARDIA - P03,CU0332,LOMBARDIA - U08,7,1349718,RICCARDO,CANINI,,,1969,MILANO,M
,,CI03,LOMBARDIA,CP033,LOMBARDIA - P03,CU0332,LOMBARDIA - U08,8,1355045,DARIO,FILIPPINI,,,1953,BAGNOLO MELLA,M
,,CI03,LOMBARDIA,CP033,LOMBARDIA - P03,CU0332,LOMBARDIA - U08,9,1353417,LORENA,POLONINI,,,1971,ROVATO,F
,,CI03,LOMBARDIA,CP033,LOMBARDIA - P03,CU0333,LOMBARDIA - U09,1,1352560,CRISTINA,TEDALDI,,,1963,SESTO SAN GIOVANNI,F
,,CI03,LOMBARDIA,CP033,LOMBARDIA - P03,CU0333,LOMBARDIA - U09,2,1354885,FEDERICA FRANCESCA,BONVINI,,,1969,PONTEVICO,F
,,CI03,LOMBARDIA,CP033,LOMBARDIA - P03,CU0333,LOMBARDIA - U09,3,1352618,GIULIOMARIA,TERZI DI SANT'AGATA,,,1946,BERGAMO,M
,,CI03,LOMBARDIA,CP033,LOMBARDIA - P03,CU0333,LOMBARDIA - U09,4,1354577,PIETRO,MARTINELLI,,,1961,BRESCIA,M
,,CI03,LOMBARDIA,CP033,LOMBARDIA - P03,CU0333,LOMBARDIA - U09,5,1348049,MARIAROSA,GHITTI,,,1964,ISEO,F
,,CI03,LOMBARDIA,CP033,LOMBARDIA - P03,CU0333,LOMBARDIA - U09,6,1353089,GIAN LUCA,BERETTA,,,1968,MILANO,M
,,CI03,LOMBARDIA,CP033,LOMBARDIA - P03,CU0333,LOMBARDIA - U09,7,1349728,MARIASTELLA,GELMINI,,,1973,LENO,F
,,CI03,LOMBARDIA,CP033,LOMBARDIA - P03,CU0333,LOMBARDIA - U09,8,1355046,LAURA,ALGHISI,,,1979,MANERBIO,F
,,CI03,LOMBARDIA,CP033,LOMBARDIA - P03,CU0333,LOMBARDIA - U09,9,1353425,FLAMINIO,MAFFETTINI,,,1961,BERGAMO,M
,,CI03,LOMBARDIA,CP033,LOMBARDIA - P03,CU0334,LOMBARDIA - U11,1,1352662,CARLO,COTTARELLI,,,1954,CREMONA,M
,,CI03,LOMBARDIA,CP033,LOMBARDIA - P03,CU0334,LOMBARDIA - U11,2,1354898,GIANCARLO,NOLLI,,,1957,REDONDESCO,M
,,CI03,LOMBARDIA,CP033,LOMBARDIA - P03,CU0334,LOMBARDIA - U11,3,1352521,DANIELA,GARNERO SANTANCHE',,,1961,CUNEO,F
,,CI03,LOMBARDIA,CP033,LOMBARDIA - P03,CU0334,LOMBARDIA - U11,4,1354784,MONICA,PERUGINI,,,1958,MANTOVA,F
,,CI03,LOMBARDIA,CP033,LOMBARDIA - P03,CU0334,LOMBARDIA - U11,5,1348052,UMBERTO,DI FRANCO,,,1964,NAPOLI,M
,,CI03,LOMBARDIA,CP033,LOMBARDIA - P03,CU0334,LOMBARDIA - U11,6,1353094,LORENZA,RIZZI,,,1965,CREMONA,F
,,CI03,LOMBARDIA,CP033,LOMBARDIA - P03,CU0334,LOMBARDIA - U11,7,1349739,FRANCESCA,ZALTIERI,,,1961,ASOLA,F
,,CI03,LOMBARDIA,CP033,LOMBARDIA - P03,CU0334,LOMBARDIA - U11,8,1355047,PIERLUIGI,LUISI,,,1971,PUTIGNANO,M
,,CI03,LOMBARDIA,CP033,LOMBARDIA - P03,CU0334,LOMBARDIA - U11,9,1353513,GIUSEPPE,BADOLATO,,,1957,PALERMO,M
,,CI05,VENETO,CP051,VENETO - P01,CU0511,VENETO - U01,1,1353629,MICHELE,MOGNATO,,,1961,VENEZIA,M
,,CI05,VENETO,CP051,VENETO - P01,CU0511,VENETO - U01,2,1350054,RAFFAELE,SPERANZON,,,1971,VENEZIA,M
,,CI05,VENETO,CP051,VENETO - P01,CU0511,VENETO - U01,3,1352912,NICOLETTA,CIRIELLO,,,1960,VENEZIA,F
,,CI05,VENETO,CP051,VENETO - P01,CU0511,VENETO - U01,4,1347572,VANESSA,ZUPPA,,,1977,ESTE PD,F
,,CI05,VENETO,CP051,VENETO - P01,CU0511,VENETO - U01,5,1347639,SARA,GIAGGIO,,,1971,DOLO VE,F
,,CI05,VENETO,CP051,VENETO - P01,CU0511,VENETO - U01,6,1350028,GABRIELE,GALIAZZO,,,1953,PADOVA,M
,,CI05,VENETO,CP051,VENETO - P01,CU0511,VENETO - U01,7,1351794,PAOLO,DENAT,,,1963,VENEZIA,M
,,CI05,VENETO,CP051,VENETO - P01,CU0511,VENETO - U01,8,1347341,FILIPPO,NAPPI,,,1953,VENEZIA,M
,,CI05,VENETO,CP051,VENETO - P01,CU0511,VENETO - U01,9,1352481,PAOLA,GANZ,,,1964,AGORDO BL,F
,,CI05,VENETO,CP051,VENETO - P01,CU0512,VENETO - U02,1,1353630,PAOLO,GALEANO,,,1980,MIRANO VE,M
,,CI05,VENETO,CP051,VENETO - P01,CU0512,VENETO - U02,2,1350058,LUCA,DE CARLO,,,1972,PIEVE DI CADORE BL,M
,,CI05,VENETO,CP051,VENETO - P01,CU0512,VENETO - U02,3,1352918,ROBERTO,LEVI,,,1959,FERRARA,M
,,CI05,VENETO,CP051,VENETO - P01,CU0512,VENETO - U02,4,1347573,ALBERTO,POLI,,,1967,NOVARA,M
,,CI05,VENETO,CP051,VENETO - P01,CU0512,VENETO - U02,5,1347468,FLAVIO,BALDAN,,,1967,VENEZIA,M
,,CI05,VENETO,CP051,VENETO - P01,CU0512,VENETO - U02,6,1350031,PAOLA TIZIANA FRANCESCA,BERGAMO,,,1963,SAN MARINO RSM,F
,,CI05,VENETO,CP051,VENETO - P01,CU0512,VENETO - U02,7,1351705,LOREDANA,VERONESE,,,1965,SCHAFFHAUSEN SVIZZERA,F
,,CI05,VENETO,CP051,VENETO - P01,CU0512,VENETO - U02,8,1347342,GABRIELLA,CASSOL,,,1960,FELTRE BL,F
,,CI05,VENETO,CP051,VENETO - P01,CU0512,VENETO - U02,9,1352488,MASSIMILIANO,ZANNINI,,,1972,TRIESTE,M
,,CI05,VENETO,CP052,VENETO - P02,CU0521,VENETO - U03,1,1353635,EMANUELE,ALECCI,,,1960,GELA CL,M
,,CI05,VENETO,CP052,VENETO - P02,CU0521,VENETO - U03,2,1353676,ANNA MARIA,BERNINI,,,1965,BOLOGNA,F
,,CI05,VENETO,CP052,VENETO - P02,CU0521,VENETO - U03,3,1352752,FRANCESCA,CONZ,,,1982,CAMPOSAMPIERO PD,F
,,CI05,VENETO,CP052,VENETO - P02,CU0521,VENETO - U03,4,1347453,LINA,SPINELLI,,,1947,CAMPODORO PD,F
,,CI05,VENETO,CP052,VENETO - P02,CU0521,VENETO - U03,5,1347449,GIORGIO,BURLINI,,,1968,PADOVA,M
,,CI05,VENETO,CP052,VENETO - P02,CU0521,VENETO - U03,6,1350146,INNOCENTE,MARANGON,,,1958,UDINE,M
,,CI05,VENETO,CP052,VENETO - P02,CU0521,VENETO - U03,7,1351784,AMPELIO,PINTON,,,1960,VILLAFRANCA PADOVANA PD,M
,,CI05,VENETO,CP052,VENETO - P02,CU0521,VENETO - U03,8,1347133,STEFANIA,AQUILINI,,,1966,MILANO,F
,,CI05,VENETO,CP052,VENETO - P02,CU0521,VENETO - U03,9,1352580,TANIA,TORRESI,,,1971,CIVITANOVA MARCHE MC,F
,,CI05,VENETO,CP052,VENETO - P02,CU0522,VENETO - U04,1,1353640,CLAUDIA MARIA,LONGHI,,,1962,TORINO,F
,,CI05,VENETO,CP052,VENETO - P02,CU0522,VENETO - U04,2,1353718,MARA,BIZZOTTO,,,1972,BASSANO DEL GRAPPA VI,F
,,CI05,VENETO,CP052,VENETO - P02,CU0522,VENETO - U04,3,1352739,GIORGIO,AMADORI,,,1951,DOMODOSSOLA NO,M
,,CI05,VENETO,CP052,VENETO - P02,CU0522,VENETO - U04,4,1347609,LUIGI,CAPONETTO,,,1955,PALERMO,M
,,CI05,VENETO,CP052,VENETO - P02,CU0522,VENETO - U04,5,1347610,BARBARA,GUIDOLIN,,,1975,BASSANO DEL GRAPPA VI,F
,,CI05,VENETO,CP052,VENETO - P02,CU0522,VENETO - U04,6,1350153,MARILISA,MUNARI,,,1961,CHIETI,F
,,CI05,VENETO,CP052,VENETO - P02,CU0522,VENETO - U04,7,1351692,CRISTINA,BOMITALI,,,1969,MONTECCHIO MAGGIORE VI,F
,,CI05,VENETO,CP052,VENETO - P02,CU0522,VENETO - U04,8,1347134,ROBERTO,FOGAGNOLI,,,1954,CREVALCORE BO,M
,,CI05,VENETO,CP052,VENETO - P02,CU0522,VENETO - U04,9,1352584,FILIPPO,SCIORTINO,,,1962,SANTA MARIA DEL CEDRO CS,M
,,CI05,VENETO,CP052,VENETO - P02,CU0523,VENETO - U05,1,1353642,ANNA MARIA,STERCHELE,,,1967,SAN BONIFACIO VR,F
,,CI05,VENETO,CP052,VENETO - P02,CU0523,VENETO - U05,2,1353647,PAOLO,TOSATO,,,1972,NEGRAR VR,M
,,CI05,VENETO,CP052,VENETO - P02,CU0523,VENETO - U05,3,1355422,STEFANO,COBELLO,,,1961,VERONA,M
,,CI05,VENETO,CP052,VENETO - P02,CU0523,VENETO - U05,4,1347614,CHIARA-STELLA,SAUTTO,,,1965,VERONA,F
,,CI05,VENETO,CP052,VENETO - P02,CU0523,VENETO - U05,5,1347613,MAURA,ZAMBON,,,1955,VERONA,F
,,CI05,VENETO,CP052,VENETO - P02,CU0523,VENETO - U05,6,1350010,DANILO,MONTANARI,,,1960,BOLOGNA,M
,,CI05,VENETO,CP052,VENETO - P02,CU0523,VENETO - U05,7,1351579,IVANO,CORDIOLI,,,1963,VERONA,M
,,CI05,VENETO,CP052,VENETO - P02,CU0523,VENETO - U05,8,1347135,RENATO,PERETTI,,,1953,VERONA,M
,,CI05,VENETO,CP052,VENETO - P02,CU0523,VENETO - U05,9,1352423,NICOLO',ZAMBERLAN,,,1982,PADOVA,M
,,CI06,FRIULI-VENEZIA GIULIA,CP061,FRIULI-VENEZIA GIULIA - P01,CU0611,FRIULI-VENEZIA GIULIA - U01,1,1349864,PIERUMBERTO,STARACE,,,1954,LECCE,M
,,CI06,FRIULI-VENEZIA GIULIA,CP061,FRIULI-VENEZIA GIULIA - P01,CU0611,FRIULI-VENEZIA GIULIA - U01,2,1349853,EMILIA,ACCOMANDO,,,1948,RIPOSTO,F
,,CI06,FRIULI-VENEZIA GIULIA,CP061,FRIULI-VENEZIA GIULIA - P01,CU0611,FRIULI-VENEZIA GIULIA - U01,3,1351761,VALENTINA,BALDACCI,,,1971,TRIESTE,F
,,CI06,FRIULI-VENEZIA GIULIA,CP061,FRIULI-VENEZIA GIULIA - P01,CU0611,FRIULI-VENEZIA GIULIA - U01,4,1351715,FURIO,HONSELL,,,1958,GENOVA,M
,,CI06,FRIULI-VENEZIA GIULIA,CP061,FRIULI-VENEZIA GIULIA - P01,CU0611,FRIULI-VENEZIA GIULIA - U01,5,1349870,ANTONINO,IRACA',,,1975,REGGIO CALABRIA,M
,,CI06,FRIULI-VENEZIA GIULIA,CP061,FRIULI-VENEZIA GIULIA - P01,CU0611,FRIULI-VENEZIA GIULIA - U01,6,1351743,LUCA,CIRIANI,,,1967,PORDENONE,M
,,CI06,FRIULI-VENEZIA GIULIA,CP061,FRIULI-VENEZIA GIULIA - P01,CU0611,FRIULI-VENEZIA GIULIA - U01,7,1349855,STEFANO,PATUANELLI,,,1974,TRIESTE,M
,,CI06,FRIULI-VENEZIA GIULIA,CP061,FRIULI-VENEZIA GIULIA - P01,CU0611,FRIULI-VENEZIA GIULIA - U01,8,1351747,ENRICO,MASIERO,,,1969,ESTE,M
,,CI06,FRIULI-VENEZIA GIULIA,CP061,FRIULI-VENEZIA GIULIA - P01,CU0611,FRIULI-VENEZIA GIULIA - U01,9,1351854,GIULIANO,CASTENETTO,,,1961,POVOLETTO,M
,,CI06,FRIULI-VENEZIA GIULIA,CP061,FRIULI-VENEZIA GIULIA - P01,CU0611,FRIULI-VENEZIA GIULIA - U01,10,1349866,FABIO,CAMILLUCCI,,,1965,TRIESTE,M
,,CI07,LIGURIA,CP071,LIGURIA - P01,CU0711,LIGURIA - U01,1,1347551,ENRICO MARIA,NADASI,,,1967,GENOVA,M
,,CI07,LIGURIA,CP071,LIGURIA - P01,CU0711,LIGURIA - U01,2,1347512,GIACOMO,MARCHETTI,,,1974,CERVIA (RA),M
,,CI07,LIGURIA,CP071,LIGURIA - P01,CU0711,LIGURIA - U01,3,1349229,GIOVANNI,BERRINO,,,1964,SANREMO,M
,,CI07,LIGURIA,CP071,LIGURIA - P01,CU0711,LIGURIA - U01,4,1347539,RICCARDO,FORTIN,,,1970,FINALE LIGURE (SV),M
,,CI07,LIGURIA,CP071,LIGURIA - P01,CU0711,LIGURIA - U01,5,1353021,MARCO GIUSEPPE,FERRANDO,,,1954,GENOVA,M
,,CI07,LIGURIA,CP071,LIGURIA - P01,CU0711,LIGURIA - U01,6,1352817,MARIA,CARIDI,DETTA,MARY,1956,DOMODOSSOLA (VB),F
,,CI07,LIGURIA,CP071,LIGURIA - P01,CU0711,LIGURIA - U01,7,1347912,FRANCESCA,BARBATO,,,1981,GENOVA,F
,,CI07,LIGURIA,CP071,LIGURIA - P01,CU0711,LIGURIA - U01,8,1349279,SANDRA,ZAMPA,,,1956,MERCATO SARACENO (FO),F
,,CI07,LIGURIA,CP071,LIGURIA - P01,CU0711,LIGURIA - U01,9,1347915,CARMELA,ALBANESE,,,1979,ARIANO IRPINO (AV),F
,,CI07,LIGURIA,CP071,LIGURIA - P01,CU0711,LIGURIA - U01,10,1347522,SILVANO,CECCOLI,,,1960,GENOVA,M
,,CI07,LIGURIA,CP071,LIGURIA - P01,CU0712,LIGURIA - U02,1,1347456,BARBARA,TRONCHI,,,1973,GENOVA,F
,,CI07,LIGURIA,CP071,LIGURIA - P01,CU0712,LIGURIA - U02,2,1347513,NORMA,BERTULLACELLI,,,1952,GENOVA,F
,,CI07,LIGURIA,CP071,LIGURIA - P01,CU0712,LIGURIA - U02,3,1349235,STEFANIA,PUCCIARELLI,,,1967,SARZANA (SP),F
,,CI07,LIGURIA,CP071,LIGURIA - P01,CU0712,LIGURIA - U02,4,1347448,ELISA,TOGNOCCHI,,,1982,PIETRASANTA (LU),F
,,CI07,LIGURIA,CP071,LIGURIA - P01,CU0712,LIGURIA - U02,5,1353022,CINZIA,RONZITTI,,,1962,GENOVA,F
,,CI07,LIGURIA,CP071,LIGURIA - P01,CU0712,LIGURIA - U02,6,1352820,ANGELO,CARELLA,,,1948,SAN SEVERO (FG),M
,,CI07,LIGURIA,CP071,LIGURIA - P01,CU0712,LIGURIA - U02,7,1347726,MARCO,MORI,,,1978,RAPALLO (GE),M
,,CI07,LIGURIA,CP071,LIGURIA - P01,CU0712,LIGURIA - U02,8,1349387,GUIDO,MELLEY,,,1961,LA SPEZIA,M
,,CI07,LIGURIA,CP071,LIGURIA - P01,CU0712,LIGURIA - U02,9,1347730,ANTONIO,MEROLA,,,1956,SALERNO,M
,,CI07,LIGURIA,CP071,LIGURIA - P01,CU0712,LIGURIA - U02,10,1347525,SIMONETTA,RUFFATO,,,1966,ALESSANDRIA,F
,,CI08,EMILIA-ROMAGNA,CP081,EMILIA-ROMAGNA - P01,CU0811,EMILIA-ROMAGNA - U01,1,1352532,ENRICO,PAPI,,,1970,NOVELLARA (RE),M
,,CI08,EMILIA-ROMAGNA,CP081,EMILIA-ROMAGNA - P01,CU0811,EMILIA-ROMAGNA - U01,2,1348381,ALBA,PROIETTI,,,1956,FIRENZE (FI),F
,,CI08,EMILIA-ROMAGNA,CP081,EMILIA-ROMAGNA - P01,CU0811,EMILIA-ROMAGNA - U01,3,1347972,GIUSEPPE,NEGRI,DETTO,BEPPE,1957,SALSOMAGGIORE TERME (PR),M
,,CI08,EMILIA-ROMAGNA,CP081,EMILIA-ROMAGNA - P01,CU0811,EMILIA-ROMAGNA - U01,4,1352554,ROMINA,SANZANI,,,1982,CESENA (FC),F
,,CI08,EMILIA-ROMAGNA,CP081,EMILIA-ROMAGNA - P01,CU0811,EMILIA-ROMAGNA - U01,5,1348454,ELENA,MURELLI,,,1975,PIACENZA (PC),F
,,CI08,EMILIA-ROMAGNA,CP081,EMILIA-ROMAGNA - P01,CU0811,EMILIA-ROMAGNA - U01,6,1347327,HAITHAM,ALLAWI,,,1981,ABRA AL QAMISHLI (SIRIA),M
,,CI08,EMILIA-ROMAGNA,CP081,EMILIA-ROMAGNA - P01,CU0811,EMILIA-ROMAGNA - U01,7,1347652,SILVIA,DI CATALDO,,,1968,PARMA (PR),F
,,CI08,EMILIA-ROMAGNA,CP081,EMILIA-ROMAGNA - P01,CU0811,EMILIA-ROMAGNA - U01,8,1348578,ALESSANDRO,SBALBI,,,1974,PIACENZA (PC),M
,,CI08,EMILIA-ROMAGNA,CP081,EMILIA-ROMAGNA - P01,CU0811,EMILIA-ROMAGNA - U01,9,1347867,GABRIELLA ANNA MARIA,BLANCATO,,,1959,BARRAFRANCA (EN),F
,,CI08,EMILIA-ROMAGNA,CP081,EMILIA-ROMAGNA - P01,CU0811,EMILIA-ROMAGNA - U01,10,1349999,MARIANGELA,SASSI,,,1980,PARMA (PR),F
,,CI08,EMILIA-ROMAGNA,CP081,EMILIA-ROMAGNA - P01,CU0811,EMILIA-ROMAGNA - U01,11,1347741,ERICA,ROMANI,,,1974,SCANDIANO (RE),F
,,CI08,EMILIA-ROMAGNA,CP081,EMILIA-ROMAGNA - P01,CU0811,EMILIA-ROMAGNA - U01,12,1347862,GABRIELLA,BUSSOLATI,,,1951,FIDENZA (PR),F
,,CI08,EMILIA-ROMAGNA,CP081,EMILIA-ROMAGNA - P01,CU0812,EMILIA-ROMAGNA - U02,1,1352627,IRENE,BARTOLAMASI,,,1956,NONANTOLA (MO),F
,,CI08,EMILIA-ROMAGNA,CP081,EMILIA-ROMAGNA - P01,CU0812,EMILIA-ROMAGNA - U02,2,1348382,ALESSANDRA,CAROBBI,,,1973,MODENA (MO),F
,,CI08,EMILIA-ROMAGNA,CP081,EMILIA-ROMAGNA - P01,CU0812,EMILIA-ROMAGNA - U02,3,1347973,VINCENZA,RANDO,,,1958,NISCEMI (CL),F
,,CI08,EMILIA-ROMAGNA,CP081,EMILIA-ROMAGNA - P01,CU0812,EMILIA-ROMAGNA - U02,4,1352569,YOLANDA ANNA CHRISTINA,BRIGHI,,,1964,VEYRIER (SVIZZERA),F
,,CI08,EMILIA-ROMAGNA,CP081,EMILIA-ROMAGNA - P01,CU0812,EMILIA-ROMAGNA - U02,5,1348531,ENRICO,AIMI,,,1960,MODENA (MO),M
,,CI08,EMILIA-ROMAGNA,CP081,EMILIA-ROMAGNA - P01,CU0812,EMILIA-ROMAGNA - U02,6,1347328,JUDITH,PINNOCK,,,1955,ROMA (RM),F
,,CI08,EMILIA-ROMAGNA,CP081,EMILIA-ROMAGNA - P01,CU0812,EMILIA-ROMAGNA - U02,7,1347654,MICHELA,VANDELLI,,,1974,MODENA (MO),F
,,CI08,EMILIA-ROMAGNA,CP081,EMILIA-ROMAGNA - P01,CU0812,EMILIA-ROMAGNA - U02,8,1348787,CHIARA,CASELGRANDI,,,1964,MODENA (MO),F
,,CI08,EMILIA-ROMAGNA,CP081,EMILIA-ROMAGNA - P01,CU0812,EMILIA-ROMAGNA - U02,9,1349793,MARIA LAURA,MANTOVANI,,,1965,CARPI (MO),F
,,CI08,EMILIA-ROMAGNA,CP081,EMILIA-ROMAGNA - P01,CU0812,EMILIA-ROMAGNA - U02,10,1350000,ANTONIETTA,GATTI,,,1949,FAENZA (RA),F
,,CI08,EMILIA-ROMAGNA,CP081,EMILIA-ROMAGNA - P01,CU0812,EMILIA-ROMAGNA - U02,11,1347743,MICHELE,CAMPARI,,,1968,REGGIO NELL'EMILIA (RE),M
,,CI08,EMILIA-ROMAGNA,CP081,EMILIA-ROMAGNA - P01,CU0812,EMILIA-ROMAGNA - U02,12,1355340,RENATO,FRATI,,,1953,PARMA (PR),M
,,CI08,EMILIA-ROMAGNA,CP082,EMILIA-ROMAGNA - P02,CU0821,EMILIA-ROMAGNA - U03,1,1352645,MAURIZIO,BALDACCI,,,1949,RICCIONE (RN),M
,,CI08,EMILIA-ROMAGNA,CP082,EMILIA-ROMAGNA - P02,CU0821,EMILIA-ROMAGNA - U03,2,1348308,ALESSANDRO,CAPUCCI,,,1948,FAENZA (RA),M
,,CI08,EMILIA-ROMAGNA,CP082,EMILIA-ROMAGNA - P02,CU0821,EMILIA-ROMAGNA - U03,3,1348116,PIERFERDINANDO,CASINI,,,1955,BOLOGNA (BO),M
,,CI08,EMILIA-ROMAGNA,CP082,EMILIA-ROMAGNA - P02,CU0821,EMILIA-ROMAGNA - U03,4,1352810,BRUNO,SAVINI,,,1953,GATTEO (FC),M
,,CI08,EMILIA-ROMAGNA,CP082,EMILIA-ROMAGNA - P02,CU0821,EMILIA-ROMAGNA - U03,5,1348827,VITTORIO,SGARBI,,,1952,FERRARA (FE),M
,,CI08,EMILIA-ROMAGNA,CP082,EMILIA-ROMAGNA - P02,CU0821,EMILIA-ROMAGNA - U03,6,1347334,MARCO,ODORICI,DETTO,ODDO,1963,BOLOGNA (BO),M
,,CI08,EMILIA-ROMAGNA,CP082,EMILIA-ROMAGNA - P02,CU0821,EMILIA-ROMAGNA - U03,7,1347669,RICCARDO,PACCOSI,,,1969,SONDRIO (SO),M
,,CI08,EMILIA-ROMAGNA,CP082,EMILIA-ROMAGNA - P02,CU0821,EMILIA-ROMAGNA - U03,8,1348717,MARCO,LOMBARDO,,,1981,LOCRI (RC),M
,,CI08,EMILIA-ROMAGNA,CP082,EMILIA-ROMAGNA - P02,CU0821,EMILIA-ROMAGNA - U03,9,1347993,FABIO,SELLERI,,,1958,BOLOGNA (BO),M
,,CI08,EMILIA-ROMAGNA,CP082,EMILIA-ROMAGNA - P02,CU0821,EMILIA-ROMAGNA - U03,10,1350118,STEFANO,MONTANARI,,,1949,BOLOGNA,M
,,CI08,EMILIA-ROMAGNA,CP082,EMILIA-ROMAGNA - P02,CU0821,EMILIA-ROMAGNA - U03,11,1347749,DANIELE,MATTEI,,,1977,BOLOGNA (BO),M
,,CI08,EMILIA-ROMAGNA,CP082,EMILIA-ROMAGNA - P02,CU0821,EMILIA-ROMAGNA - U03,12,1355341,GIANNI,CATELANI,,,1946,FIRENZE (FI),M
,,CI08,EMILIA-ROMAGNA,CP082,EMILIA-ROMAGNA - P02,CU0822,EMILIA-ROMAGNA - U04,1,1352561,CARLA,LODI,,,1969,FORLI' (FC),F
,,CI08,EMILIA-ROMAGNA,CP082,EMILIA-ROMAGNA - P02,CU0822,EMILIA-ROMAGNA - U04,2,1348313,ROBERTA,TRIVELLATO,,,1974,BADIA POLESINE (RO),F
,,CI08,EMILIA-ROMAGNA,CP082,EMILIA-ROMAGNA - P02,CU0822,EMILIA-ROMAGNA - U04,3,1348193,MANUELA,RONTINI,,,1978,FAENZA (RA),F
,,CI08,EMILIA-ROMAGNA,CP082,EMILIA-ROMAGNA - P02,CU0822,EMILIA-ROMAGNA - U04,4,1352815,DIVO,PIRINI,,,1940,CESENATICO (FC),M
,,CI08,EMILIA-ROMAGNA,CP082,EMILIA-ROMAGNA - P02,CU0822,EMILIA-ROMAGNA - U04,5,1348644,ALBERTO,BALBONI,,,1959,FERRARA (FE),M
,,CI08,EMILIA-ROMAGNA,CP082,EMILIA-ROMAGNA - P02,CU0822,EMILIA-ROMAGNA - U04,6,1347335,MIRNA,TESTI,,,1949,CONSELICE (RA),F
,,CI08,EMILIA-ROMAGNA,CP082,EMILIA-ROMAGNA - P02,CU0822,EMILIA-ROMAGNA - U04,7,1347672,GIORGIO,FRANCHI,,,1977,PORTOMAGGIORE (FE),M
,,CI08,EMILIA-ROMAGNA,CP082,EMILIA-ROMAGNA - P02,CU0822,EMILIA-ROMAGNA - U04,8,1348721,SYLVIA,KRANZ,,,1959,LUGO (RA),F
,,CI08,EMILIA-ROMAGNA,CP082,EMILIA-ROMAGNA - P02,CU0822,EMILIA-ROMAGNA - U04,9,1347994,ANASTASIA,RUGGERI,,,1961,GENGA (AN),F
,,CI08,EMILIA-ROMAGNA,CP082,EMILIA-ROMAGNA - P02,CU0822,EMILIA-ROMAGNA - U04,10,1350007,LUCA,TEODORI,,,1968,BADEN (SVIZZERA),M
,,CI08,EMILIA-ROMAGNA,CP082,EMILIA-ROMAGNA - P02,CU0822,EMILIA-ROMAGNA - U04,11,1347750,PAOLA,FUSCHINI,,,1967,RAVENNA (RA),F
,,CI08,EMILIA-ROMAGNA,CP082,EMILIA-ROMAGNA - P02,CU0822,EMILIA-ROMAGNA - U04,12,1355342,MARIA ROSA,TOSI,,,1957,ZIBELLO (PR),F
,,CI08,EMILIA-ROMAGNA,CP082,EMILIA-ROMAGNA - P02,CU0823,EMILIA-ROMAGNA - U05,1,1352706,SANDRO,FERRER,,,1977,PINEROLO (TO),M
,,CI08,EMILIA-ROMAGNA,CP082,EMILIA-ROMAGNA - P02,CU0823,EMILIA-ROMAGNA - U05,2,1348317,MELISSA,MONTANARI,,,1971,RIMINI (RN),F
,,CI08,EMILIA-ROMAGNA,CP082,EMILIA-ROMAGNA - P02,CU0823,EMILIA-ROMAGNA - U05,3,1348198,SIMONA EMANUELA ANNA CAROLINA,VIOLA,,,1962,MILANO (MI),F
,,CI08,EMILIA-ROMAGNA,CP082,EMILIA-ROMAGNA - P02,CU0823,EMILIA-ROMAGNA - U05,4,1352737,ROBERTO,SANZANI,,,1957,POGGIO BERNI (RN),M
,,CI08,EMILIA-ROMAGNA,CP082,EMILIA-ROMAGNA - P02,CU0823,EMILIA-ROMAGNA - U05,5,1348832,MARTA,FAROLFI,,,1962,BRISIGHELLA (RA),F
,,CI08,EMILIA-ROMAGNA,CP082,EMILIA-ROMAGNA - P02,CU0823,EMILIA-ROMAGNA - U05,6,1347116,ORESTE,GODI,,,1965,PARMA (PR),M
,,CI08,EMILIA-ROMAGNA,CP082,EMILIA-ROMAGNA - P02,CU0823,EMILIA-ROMAGNA - U05,7,1347674,GUGLIELMO,BOLOGNINI,,,1963,BOLOGNA (BO),M
,,CI08,EMILIA-ROMAGNA,CP082,EMILIA-ROMAGNA - P02,CU0823,EMILIA-ROMAGNA - U05,8,1348802,ELENA,LEARDINI,,,1968,PESARO (PU),F
,,CI08,EMILIA-ROMAGNA,CP082,EMILIA-ROMAGNA - P02,CU0823,EMILIA-ROMAGNA - U05,9,1347995,MARCO,CROATTI,,,1972,RIMINI (RN),M
,,CI08,EMILIA-ROMAGNA,CP082,EMILIA-ROMAGNA - P02,CU0823,EMILIA-ROMAGNA - U05,10,1350193,NOEMI,ZUCCHI,,,1979,MIRANDOLA (MO),F
,,CI08,EMILIA-ROMAGNA,CP082,EMILIA-ROMAGNA - P02,CU0823,EMILIA-ROMAGNA - U05,11,1347752,ELEONORA,BARRECA,,,1974,BOLOGNA (BO),F
,,CI08,EMILIA-ROMAGNA,CP082,EMILIA-ROMAGNA - P02,CU0823,EMILIA-ROMAGNA - U05,12,1355525,SABRINA,FEDELI,,,1968,CORTEMAGGIORE (PC),F
,,CI09,TOSCANA,CP091,TOSCANA - P01,CU0911,TOSCANA - U01,1,1355109,ANDREA,BARBAGLI,,,1969,AREZZO,M
,,CI09,TOSCANA,CP091,TOSCANA - P01,CU0911,TOSCANA - U01,2,1350158,DAVIDE,VIVALDI,,,1965,PALERMO,M
,,CI09,TOSCANA,CP091,TOSCANA - P01,CU0911,TOSCANA - U01,3,1355084,SILVIO,FRANCESCHELLI,,,1970,PISTOIA,M
,,CI09,TOSCANA,CP091,TOSCANA - P01,CU0911,TOSCANA - U01,4,1347722,CLAUDIO,CUBATTOLI,,,1953,SIENA,M
,,CI09,TOSCANA,CP091,TOSCANA - P01,CU0911,TOSCANA - U01,5,1347826,TOMMASO,AGOSTINI,,,1977,PISTOIA,M
,,CI09,TOSCANA,CP091,TOSCANA - P01,CU0911,TOSCANA - U01,6,1347763,MARCO,BARZANTI,,,1969,MASSA MARITTIMA,M
,,CI09,TOSCANA,CP091,TOSCANA - P01,CU0911,TOSCANA - U01,7,1347934,GUALTIERO,BOMBA,,,1959,FIRENZE,M
,,CI09,TOSCANA,CP091,TOSCANA - P01,CU0911,TOSCANA - U01,8,1350564,SIMONA,PETRUCCI,,,1971,GROSSETO,F
,,CI09,TOSCANA,CP091,TOSCANA - P01,CU0911,TOSCANA - U01,9,1347892,MARIA TERESA,TURRINI,,,1955,MONTEVARCHI,F
,,CI09,TOSCANA,CP091,TOSCANA - P01,CU0912,TOSCANA - U02,1,1355112,VALERIA,MARROCCO,,,1975,PISA,F
,,CI09,TOSCANA,CP091,TOSCANA - P01,CU0912,TOSCANA - U02,2,1350165,MASSIMO,VITRANI,,,1975,LIVORNO,M
,,CI09,TOSCANA,CP091,TOSCANA - P01,CU0912,TOSCANA - U02,3,1354913,ANDREA,MARCUCCI,,,1965,BARGA,M
,,CI09,TOSCANA,CP091,TOSCANA - P01,CU0912,TOSCANA - U02,4,1347723,GIOVANNI,BRUNO,,,1961,PISA,M
,,CI09,TOSCANA,CP091,TOSCANA - P01,CU0912,TOSCANA - U02,5,1347828,SABRINA,GIOVANNONI,,,1963,EMPOLI,F
,,CI09,TOSCANA,CP091,TOSCANA - P01,CU0912,TOSCANA - U02,6,1347765,PATRIZIO,ANDREOLI,,,1957,CAPANNOLI,M
,,CI09,TOSCANA,CP091,TOSCANA - P01,CU0912,TOSCANA - U02,7,1347936,CINZIA,DEL BIGALLO,,,1965,ROSIGNANO MARITTIMO,F
,,CI09,TOSCANA,CP091,TOSCANA - P01,CU0912,TOSCANA - U02,8,1350751,MANFREDI,POTENTI,,,1976,CECINA,M
,,CI09,TOSCANA,CP091,TOSCANA - P01,CU0912,TOSCANA - U02,9,1347820,GIOVANNI,BACCIARDI,,,1937,CASCINA,M
,,CI09,TOSCANA,CP091,TOSCANA - P01,CU0913,TOSCANA - U03,1,1355026,MANUELA,BELLANDI,,,1963,LUCCA,F
,,CI09,TOSCANA,CP091,TOSCANA - P01,CU0913,TOSCANA - U03,2,1350173,BARBARA,MASINI,,,1974,PISTOIA,F
,,CI09,TOSCANA,CP091,TOSCANA - P01,CU0913,TOSCANA - U03,3,1355008,ANNA,GRAZIANI,,,1970,ROMA,F
,,CI09,TOSCANA,CP091,TOSCANA - P01,CU0913,TOSCANA - U03,4,1347825,RIGOLETTA,VINCENTI,,,1953,CARRARA,F
,,CI09,TOSCANA,CP091,TOSCANA - P01,CU0913,TOSCANA - U03,5,1347829,MARCO,SANTERO,,,1965,IMPERIA,M
,,CI09,TOSCANA,CP091,TOSCANA - P01,CU0913,TOSCANA - U03,6,1347766,DEBORA,BIANCHINI,,,1979,VINCI,F
,,CI09,TOSCANA,CP091,TOSCANA - P01,CU0913,TOSCANA - U03,7,1347937,MONICA,CASTRO PIVETTA,,,1975,FIRENZE,F
,,CI09,TOSCANA,CP091,TOSCANA - P01,CU0913,TOSCANA - U03,8,1351107,PATRIZIO GIACOMO,LA PIETRA,,,1961,PISTOIA,M
,,CI09,TOSCANA,CP091,TOSCANA - P01,CU0913,TOSCANA - U03,9,1347821,DINA,CIANELLI,,,1957,CASTIGLIONE DEL LAGO,F
,,CI09,TOSCANA,CP091,TOSCANA - P01,CU0914,TOSCANA - U04,1,1355120,CLAUDIO,CANTELLA,,,1952,CALTANISSETTA,M
,,CI09,TOSCANA,CP091,TOSCANA - P01,CU0914,TOSCANA - U04,2,1350179,STEFANIA,SACCARDI,,,1960,FIRENZE,F
,,CI09,TOSCANA,CP091,TOSCANA - P01,CU0914,TOSCANA - U04,3,1354919,ILARIA,CUCCHI,,,1974,ROMA,F
,,CI09,TOSCANA,CP091,TOSCANA - P01,CU0914,TOSCANA - U04,4,1347827,FRANCESCA,CONTI,,,1973,FIRENZE,F
,,CI09,TOSCANA,CP091,TOSCANA - P01,CU0914,TOSCANA - U04,5,1347830,VANDA,CIAIOLA,,,1965,KETTERING,F
,,CI09,TOSCANA,CP091,TOSCANA - P01,CU0914,TOSCANA - U04,6,1347767,ANNAMARIA,ZISA,,,1954,FIRENZE,F
,,CI09,TOSCANA,CP091,TOSCANA - P01,CU0914,TOSCANA - U04,7,1347938,GUGLIELMO,MOSSUTO,,,1967,AGRIGENTO,M
,,CI09,TOSCANA,CP091,TOSCANA - P01,CU0914,TOSCANA - U04,8,1351026,FEDERICA,PICCHI,,,1975,LA SPEZIA,F
,,CI09,TOSCANA,CP091,TOSCANA - P01,CU0914,TOSCANA - U04,9,1347822,MAURIZIO,ROMANI,,,1954,CASTEL SAN NICCOLO',M
,,CI10,UMBRIA,CP101,UMBRIA - P01,CU1011,UMBRIA - U01,1,1354201,FEDERICO,NOVELLI,,,1975,TERNI,M
,,CI10,UMBRIA,CP101,UMBRIA - P01,CU1011,UMBRIA - U01,2,1354122,FEDERICO,PASCULLI,,,1976,TERNI,M
,,CI10,UMBRIA,CP101,UMBRIA - P01,CU1011,UMBRIA - U01,3,1354124,DONATELLA,PORZI,,,1966,PERUGIA,F
,,CI10,UMBRIA,CP101,UMBRIA - P01,CU1011,UMBRIA - U01,4,1354209,CARLO,ROMAGNOLI,,,1956,MORROVALLE (MC),M
,,CI10,UMBRIA,CP101,UMBRIA - P01,CU1011,UMBRIA - U01,5,1347716,ANGELO,BALDINELLI,,,1969,GUBBIO (PG),M
,,CI10,UMBRIA,CP101,UMBRIA - P01,CU1011,UMBRIA - U01,6,1347715,FRANCESCO,SCIAMANNINI,,,1982,CHIARI (BS),M
,,CI10,UMBRIA,CP101,UMBRIA - P01,CU1011,UMBRIA - U01,7,1354205,FRANCESCO,ZAFFINI,,,1955,SPOLETO (PG),M
,,CI10,UMBRIA,CP101,UMBRIA - P01,CU1011,UMBRIA - U01,8,1347712,AUGUSTO,MANGONI,,,1948,TODI (PG),M
,,CI10,UMBRIA,CP101,UMBRIA - P01,CU1011,UMBRIA - U01,9,1354211,MARINELLA,GIULIETTI,,,1955,PERUGIA,F
,,CI11,MARCHE,CP111,MARCHE - P01,CU1111,MARCHE - U01,1,1347337,FILIPPO,PANNELLI,,,1981,SAN MINIATO,M
,,CI11,MARCHE,CP111,MARCHE - P01,CU1111,MARCHE - U01,2,1348846,ELENA,LEONARDI,,,1975,RECANATI,F
,,CI11,MARCHE,CP111,MARCHE - P01,CU1111,MARCHE - U01,3,1347336,ANDREA,SPALLETTI,,,1956,MACERATA,M
,,CI11,MARCHE,CP111,MARCHE - P01,CU1111,MARCHE - U01,4,1347735,ROBERTO,CATALDI,,,1960,ASCOLI PICENO,M
,,CI11,MARCHE,CP111,MARCHE - P01,CU1111,MARCHE - U01,5,1347119,ELENA,COMPAGNUCCI,,,1964,VARESE,F
,,CI11,MARCHE,CP111,MARCHE - P01,CU1111,MARCHE - U01,6,1350385,DANILO,BERARDI,,,1945,TAVARNELLE VAL DI PESA,M
,,CI11,MARCHE,CP111,MARCHE - P01,CU1111,MARCHE - U01,7,1347118,GIULIANA,VENTURINI,,,1953,FABRIANO,F
,,CI11,MARCHE,CP111,MARCHE - P01,CU1111,MARCHE - U01,8,1348770,MIRELLA,GATTARI,,,1967,MORROVALLE,F
,,CI11,MARCHE,CP111,MARCHE - P01,CU1111,MARCHE - U01,9,1350065,FABIO,URBINATI,,,1968,SAN BENEDETTO DEL TRONTO,M
,,CI11,MARCHE,CP111,MARCHE - P01,CU1111,MARCHE - U01,10,1347338,CRISTIANA,DI STEFANO,,,1962,PORTO SAN GIORGIO,F
,,CI11,MARCHE,CP111,MARCHE - P01,CU1112,MARCHE - U02,1,1347121,PAOLA,RAPONI,,,1964,SAN GINESIO,F
,,CI11,MARCHE,CP111,MARCHE - P01,CU1112,MARCHE - U02,2,1348857,ANTONIO,DE POLI,,,1960,VICENZA,M
,,CI11,MARCHE,CP111,MARCHE - P01,CU1112,MARCHE - U02,3,1347120,EMANUELA,MERLI,,,1975,JESI,F
,,CI11,MARCHE,CP111,MARCHE - P01,CU1112,MARCHE - U02,4,1347736,SAMUELA,MELINI,,,1975,SASSOCORVARO,F
,,CI11,MARCHE,CP111,MARCHE - P01,CU1112,MARCHE - U02,5,1347124,MARCO,BINI,,,1962,ANCONA,M
,,CI11,MARCHE,CP111,MARCHE - P01,CU1112,MARCHE - U02,6,1350073,STEFANIA,SETTIMI,,,1946,ANCONA,F
,,CI11,MARCHE,CP111,MARCHE - P01,CU1112,MARCHE - U02,7,1347123,MARCO,PALANGHI,,,1969,PESARO,M
,,CI11,MARCHE,CP111,MARCHE - P01,CU1112,MARCHE - U02,8,1348778,MARCO,BENTIVOGLI,,,1970,CONEGLIANO,M
,,CI11,MARCHE,CP111,MARCHE - P01,CU1112,MARCHE - U02,9,1350487,ELENA,FABBRI,,,1982,PESARO,F
,,CI11,MARCHE,CP111,MARCHE - P01,CU1112,MARCHE - U02,10,1347122,GABRIELE,CINTI,,,1954,JESI,M
,,CI12,LAZIO,CP121,LAZIO - P01,CU1211,LAZIO - U02,1,1349078,MANUELA,LOMEO,,,1978,CATANIA,F
,,CI12,LAZIO,CP121,LAZIO - P01,CU1211,LAZIO - U02,2,1350395,LAVINIA,MENNUNI,,,1976,SOUTHAMPTON REGNO UNITO (EE),F
,,CI12,LAZIO,CP121,LAZIO - P01,CU1211,LAZIO - U02,3,1347808,BRUNA,MALASCHINI,,,1963,ROMA,F
,,CI12,LAZIO,CP121,LAZIO - P01,CU1211,LAZIO - U02,4,1348121,FRANCESCA ANNA,PERRI,,,1954,STATI UNITI D'AMERICA,F
,,CI12,LAZIO,CP121,LAZIO - P01,CU1211,LAZIO - U02,5,1352958,CLAUDIA,PAGANELLI,,,1977,ROMA,F
,,CI12,LAZIO,CP121,LAZIO - P01,CU1211,LAZIO - U02,6,1351438,CARLO,CALENDA,,,1973,ROMA,M
,,CI12,LAZIO,CP121,LAZIO - P01,CU1211,LAZIO - U02,7,1348571,ALESSANDRA,MAIORINO,,,1974,ROMA,F
,,CI12,LAZIO,CP121,LAZIO - P01,CU1211,LAZIO - U02,8,1353227,BRUNO,STERI,,,1951,ROMA,M
,,CI12,LAZIO,CP121,LAZIO - P01,CU1211,LAZIO - U02,9,1351181,EMMA,BONINO,,,1948,BRA (CN),F
,,CI12,LAZIO,CP121,LAZIO - P01,CU1211,LAZIO - U02,10,1353869,MARIO,ADINOLFI,,,1971,ROMA,M
,,CI12,LAZIO,CP121,LAZIO - P01,CU1212,LAZIO - U03,1,1349184,ENZO,PENNETTA,,,1960,ROMA,M
,,CI12,LAZIO,CP121,LAZIO - P01,CU1212,LAZIO - U03,2,1350071,GIULIA,BONGIORNO,,,1966,PALERMO,F
,,CI12,LAZIO,CP121,LAZIO - P01,CU1212,LAZIO - U03,3,1347809,FELICE ANDREA,TOTARO,,,1970,ROMA,M
,,CI12,LAZIO,CP121,LAZIO - P01,CU1212,LAZIO - U03,4,1348191,MARIA VITTORIA,MOLINARI,,,1964,ROMA,F
,,CI12,LAZIO,CP121,LAZIO - P01,CU1212,LAZIO - U03,5,1352962,CESARE,FRENI,,,1976,GENOVA,M
,,CI12,LAZIO,CP121,LAZIO - P01,CU1212,LAZIO - U03,6,1351528,LIVIA,PANDOLFI,,,1968,ROMA,F
,,CI12,LAZIO,CP121,LAZIO - P01,CU1212,LAZIO - U03,7,1348576,GIUSEPPE,CRACCHIOLO,,,1956,TERRASINI (PA),M
,,CI12,LAZIO,CP121,LAZIO - P01,CU1212,LAZIO - U03,8,1353349,LAURA,BORGARUCCI,,,1963,ROMA,F
,,CI12,LAZIO,CP121,LAZIO - P01,CU1212,LAZIO - U03,9,1351079,ANDREA,CATARCI,,,1969,ROMA,M
,,CI12,LAZIO,CP121,LAZIO - P01,CU1212,LAZIO - U03,10,1354021,CLAUDIO,MATTEODA,,,1961,ASMARA ETIOPIA (EE),M
,,CI12,LAZIO,CP121,LAZIO - P01,CU1213,LAZIO - U04,1,1349190,MARZIA,COLITTI,,,1967,ROMA,F
,,CI12,LAZIO,CP121,LAZIO - P01,CU1213,LAZIO - U04,2,1350408,ESTER,MIELI,,,1976,ROMA,F
,,CI12,LAZIO,CP121,LAZIO - P01,CU1213,LAZIO - U04,3,1347810,MARIO,IMPROTA,,,1972,REGGIO CALABRIA,M
,,CI12,LAZIO,CP121,LAZIO - P01,CU1213,LAZIO - U04,4,1348125,STEFANIA,ALESSANDRINI,,,1968,ROMA,F
,,CI12,LAZIO,CP121,LAZIO - P01,CU1213,LAZIO - U04,5,1352963,GUERRINO,FAIETA,,,1963,ROMA,M
,,CI12,LAZIO,CP121,LAZIO - P01,CU1213,LAZIO - U04,6,1351440,MARIA RITA,IORIO,,,1963,FRASCATI (RM),F
,,CI12,LAZIO,CP121,LAZIO - P01,CU1213,LAZIO - U04,7,1348780,GIULIA,LUPO,,,1977,RAGUSA,F
,,CI12,LAZIO,CP121,LAZIO - P01,CU1213,LAZIO - U04,8,1353355,CRISTINA,CIRILLO,,,1954,ROMA,F
,,CI12,LAZIO,CP121,LAZIO - P01,CU1213,LAZIO - U04,9,1351182,MONICA,CIRINNA',,,1963,ROMA,F
,,CI12,LAZIO,CP121,LAZIO - P01,CU1213,LAZIO - U04,10,1353878,ELEONORA,ANTONUCCI,,,1955,ROMA,F
,,CI12,LAZIO,CP122,LAZIO - P02,CU1221,LAZIO - U01,1,1349194,ANDREA,ALQUATI,,,1978,ROMA,M
,,CI12,LAZIO,CP122,LAZIO - P02,CU1221,LAZIO - U01,2,1350411,CLAUDIO,DURIGON,,,1971,LATINA,M
,,CI12,LAZIO,CP122,LAZIO - P02,CU1221,LAZIO - U01,3,1347707,PAOLO,CIPOLLONE,,,1964,ROMA,M
,,CI12,LAZIO,CP122,LAZIO - P02,CU1221,LAZIO - U01,4,1348129,IVANO,PEDUZZI,,,1947,ROMA,M
,,CI12,LAZIO,CP122,LAZIO - P02,CU1221,LAZIO - U01,5,1352966,OMBRETTA,DEL MONTE,,,1966,CIVITAVECCHIA (RM),F
,,CI12,LAZIO,CP122,LAZIO - P02,CU1221,LAZIO - U01,6,1351446,ALESSANDRO,STERPA,,,1977,ROMA,M
,,CI12,LAZIO,CP122,LAZIO - P02,CU1221,LAZIO - U01,7,1348551,MASSIMO,ERBETTI,,,1965,VITERBO,M
,,CI12,LAZIO,CP122,LAZIO - P02,CU1221,LAZIO - U01,8,1353252,ARNALDO,MARCHETTI,DETTO,NANDO,1946,RIVODUTRI (RI),M
,,CI12,LAZIO,CP122,LAZIO - P02,CU1221,LAZIO - U01,9,1351280,ALESSANDRO,MAZZOLI,,,1972,FROSINONE,M
,,CI12,LAZIO,CP122,LAZIO - P02,CU1221,LAZIO - U01,10,1354025,MARIA RITA,MARINETTI,,,1964,AVEZZANO (AQ),F
,,CI12,LAZIO,CP122,LAZIO - P02,CU1222,LAZIO - U05,1,1349196,EMANUELE,DESSI',,,1964,ROMA,M
,,CI12,LAZIO,CP122,LAZIO - P02,CU1222,LAZIO - U05,2,1350075,MARCO,SILVESTRONI,,,1962,ROMA,M
,,CI12,LAZIO,CP122,LAZIO - P02,CU1222,LAZIO - U05,3,1347806,MONICA,NOBILI,,,1960,MILANO,F
,,CI12,LAZIO,CP122,LAZIO - P02,CU1222,LAZIO - U05,4,1348148,MARCO,BIZZONI,,,1967,ALBANO LAZIALE (RM),M
,,CI12,LAZIO,CP122,LAZIO - P02,CU1222,LAZIO - U05,5,1353019,CRISTIANO,FUDULI,,,1973,NAPOLI,M
,,CI12,LAZIO,CP122,LAZIO - P02,CU1222,LAZIO - U05,6,1351264,ILEANA CATHIA,PIAZZONI,,,1972,OGGIONO (CO),F
,,CI12,LAZIO,CP122,LAZIO - P02,CU1222,LAZIO - U05,7,1348561,STEFANO,CHIRICO,,,1964,ROMA,M
,,CI12,LAZIO,CP122,LAZIO - P02,CU1222,LAZIO - U05,8,1353373,LUCIA,ADDARIO,,,1963,ROMA,F
,,CI12,LAZIO,CP122,LAZIO - P02,CU1222,LAZIO - U05,9,1351183,SERENA,GARA,,,1979,FRASCATI (RM),F
,,CI12,LAZIO,CP122,LAZIO - P02,CU1222,LAZIO - U05,10,1354081,PAOLA,CALDARELLI,,,1962,BELFORTE DEL CHIENTI (MC),F
,,CI12,LAZIO,CP122,LAZIO - P02,CU1223,LAZIO - U06,1,1349260,LUIGIA,LOLLOBRIGIDA,DETTA,GINA,1927,SUBIACO (RM),F
,,CI12,LAZIO,CP122,LAZIO - P02,CU1223,LAZIO - U06,2,1350416,CLAUDIO,FAZZONE,,,1961,FONDI (LT),M
,,CI12,LAZIO,CP122,LAZIO - P02,CU1223,LAZIO - U06,3,1347807,MARIATERESA,BELLOFATTO,,,1980,ROMA,F
,,CI12,LAZIO,CP122,LAZIO - P02,CU1223,LAZIO - U06,4,1348150,DOMENICO,CARCONE,,,1967,CASSINO (FR),M
,,CI12,LAZIO,CP122,LAZIO - P02,CU1223,LAZIO - U06,5,1352972,VIOLETTA,TOMASSETTI,,,1981,ROMA,F
,,CI12,LAZIO,CP122,LAZIO - P02,CU1223,LAZIO - U06,6,1351450,ADAMO,PANTANO,,,1973,TORONTO CANADA (EE),M
,,CI12,LAZIO,CP122,LAZIO - P02,CU1223,LAZIO - U06,7,1348696,ANNA,SACCHETTI,,,1973,MILANO,F
,,CI12,LAZIO,CP122,LAZIO - P02,CU1223,LAZIO - U06,8,1353260,EDOARDO,CASTELLUCCI,,,1956,CELANO (AQ),M
,,CI12,LAZIO,CP122,LAZIO - P02,CU1223,LAZIO - U06,9,1351184,SERGIO,MESSORE,,,1959,SANT'AMBROGIO SUL GARIGLIANO (FR),M
,,CI12,LAZIO,CP122,LAZIO - P02,CU1223,LAZIO - U06,10,1354033,ROCCO,D'ETTORRE,,,1972,FONDI (LT),M
,,CI13,ABRUZZO,CP131,ABRUZZO - P01,CU1311,ABRUZZO - U01,1,1350346,MASSIMO,CARUGNO,,,1956,SAN MARINO,M
,,CI13,ABRUZZO,CP131,ABRUZZO - P01,CU1311,ABRUZZO - U01,2,1350203,ISIDORO GIANLUCA,MALANDRA,,,1960,CASALINCONTRADA (CH),M
,,CI13,ABRUZZO,CP131,ABRUZZO - P01,CU1311,ABRUZZO - U01,3,1350098,GIANLUCA,BALDINI,,,1982,PESCARA (PE),M
,,CI13,ABRUZZO,CP131,ABRUZZO - P01,CU1311,ABRUZZO - U01,4,1350191,ALDO,DI BACCO,,,1964,SULMONA (AQ),M
,,CI13,ABRUZZO,CP131,ABRUZZO - P01,CU1311,ABRUZZO - U01,5,1350030,RAFFAELE,D'AGATA,,,1946,ROMA (RM),M
,,CI13,ABRUZZO,CP131,ABRUZZO - P01,CU1311,ABRUZZO - U01,6,1352031,LAURA,LEONE,,,1977,ASCOLI PICENO,F
,,CI13,ABRUZZO,CP131,ABRUZZO - P01,CU1311,ABRUZZO - U01,7,1350352,GUIDO QUINTINO,LIRIS,,,1979,L'AQUILA (AQ),M
,,CI13,ABRUZZO,CP131,ABRUZZO - P01,CU1311,ABRUZZO - U01,8,1350522,GIANFRANCO CLAUDIO FELICE,GIULIANTE,,,1952,PENNAPIEDIMONTE (CH),M
,,CI13,ABRUZZO,CP131,ABRUZZO - P01,CU1311,ABRUZZO - U01,9,1350347,NINO,BRUNO,,,1971,L'AQUILA (AQ),M
,,CI14,MOLISE,CP141,MOLISE - P01,CU1411,MOLISE - U01,1,1350446,OTTAVIO ANTONIO,BALDUCCI,,,1957,MOLFETTA,M
,,CI14,MOLISE,CP141,MOLISE - P01,CU1411,MOLISE - U01,2,1352003,ROSSELLA,GIANFAGNA,,,1966,CAMPOBASSO,F
,,CI14,MOLISE,CP141,MOLISE - P01,CU1411,MOLISE - U01,3,1351755,CLAUDIO,LOTITO,,,1957,ROMA,M
,,CI14,MOLISE,CP141,MOLISE - P01,CU1411,MOLISE - U01,4,1350442,NICOLA,LANZA,,,1960,RIPABOTTONI,M
,,CI14,MOLISE,CP141,MOLISE - P01,CU1411,MOLISE - U01,5,1352013,CARLA,GIAMMARIA,,,1958,TORNIMPARTE,F
,,CI14,MOLISE,CP141,MOLISE - P01,CU1411,MOLISE - U01,6,1352084,ROSSANO,PAZZAGLI,,,1958,SUVERETO,M
,,CI14,MOLISE,CP141,MOLISE - P01,CU1411,MOLISE - U01,7,1350524,ANTONIO,VISCO,,,1978,COLLI AL VOLTURNO,M
,,CI15,CAMPANIA,CP151,CAMPANIA - P01,CU1511,CAMPANIA - U04,1,1348289,ELENA,COCCIA,,,1949,AGEROLA,F
,,CI15,CAMPANIA,CP151,CAMPANIA - P01,CU1511,CAMPANIA - U04,2,1349983,VALERIA,VALENTE,,,1976,NAPOLI,F
,,CI15,CAMPANIA,CP151,CAMPANIA - P01,CU1511,CAMPANIA - U04,3,1350613,ANGELA,NITTOLO,,,1971,VIBO VALENTIA (VV),F
,,CI15,CAMPANIA,CP151,CAMPANIA - P01,CU1511,CAMPANIA - U04,4,1355369,ADA,LOPREIATO,,,1971,NAPOLI,F
,,CI15,CAMPANIA,CP151,CAMPANIA - P01,CU1511,CAMPANIA - U04,5,1349430,STEFANO,CALDORO,,,1960,CAMPOBASSO,M
,,CI15,CAMPANIA,CP151,CAMPANIA - P01,CU1511,CAMPANIA - U04,6,1350169,MARIA GRAZIA,CAMMAROTA,,,1962,VALLO DELLA LUCANIA (SA),F
,,CI15,CAMPANIA,CP151,CAMPANIA - P01,CU1511,CAMPANIA - U04,7,1352337,GIUSEPPE,RUSSO,,,1954,NAPOLI,M
,,CI15,CAMPANIA,CP151,CAMPANIA - P01,CU1512,CAMPANIA - U05,1,1348294,ANNA,ORGANO,DETTA,ARIANNA,1971,MUGNANO DI NAPOLI,F
,,CI15,CAMPANIA,CP151,CAMPANIA - P01,CU1512,CAMPANIA - U05,2,1349985,DAVIDE,CRIPPA,,,1979,NOVARA,M
,,CI15,CAMPANIA,CP151,CAMPANIA - P01,CU1512,CAMPANIA - U05,3,1350706,MARIA,ABATE,,,1981,ARZANO (NA),F
,,CI15,CAMPANIA,CP151,CAMPANIA - P01,CU1512,CAMPANIA - U05,4,1355370,MARIA DOMENICA,CASTELLONE,,,1975,VILLARICCA,F
,,CI15,CAMPANIA,CP151,CAMPANIA - P01,CU1512,CAMPANIA - U05,5,1349449,ELENA,SCARLATO,,,1966,SANT 'EGIDIO DEL MONTE ALBINO (SA),F
,,CI15,CAMPANIA,CP151,CAMPANIA - P01,CU1512,CAMPANIA - U05,6,1350014,GIUSEPPE,BARRA,,,1962,CARDITO (NA),M
,,CI15,CAMPANIA,CP151,CAMPANIA - P01,CU1512,CAMPANIA - U05,7,1352349,VITTORIA,CRISTIANO,,,1961,FRATTAMAGGIORE (NA),F
,,CI15,CAMPANIA,CP151,CAMPANIA - P01,CU1513,CAMPANIA - U06,1,1348296,CLEMENTINA,SASSO,,,1979,TORRE DEL GRECO,F
,,CI15,CAMPANIA,CP151,CAMPANIA - P01,CU1513,CAMPANIA - U06,2,1349988,ELEONORA,DI NOCERA,DETTA,NORA,1971,CASTELLAMMARE DI STABIA (NA),F
,,CI15,CAMPANIA,CP151,CAMPANIA - P01,CU1513,CAMPANIA - U06,3,1350710,SALVATORE,CARAVIELLO,,,1970,POMPEI (NA),M
,,CI15,CAMPANIA,CP151,CAMPANIA - P01,CU1513,CAMPANIA - U06,4,1355371,ORFEO,MAZZELLA,,,1965,CERCOLA,M
,,CI15,CAMPANIA,CP151,CAMPANIA - P01,CU1513,CAMPANIA - U06,5,1349450,GIUSEPPINA,CASTIELLO,,,1971,AFRAGOLA (NA),F
,,CI15,CAMPANIA,CP151,CAMPANIA - P01,CU1513,CAMPANIA - U06,6,1350018,STEFANIA,ROSSI,,,1974,NAPOLI,F
,,CI15,CAMPANIA,CP151,CAMPANIA - P01,CU1513,CAMPANIA - U06,7,1352352,MARIO,SCOGNAMIGLIO,,,1968,GENOVA,M
,,CI15,CAMPANIA,CP151,CAMPANIA - P01,CU1514,CAMPANIA - U07,1,1348298,FRANCESCO,BRUNO,,,1948,NAPOLI,M
,,CI15,CAMPANIA,CP151,CAMPANIA - P01,CU1514,CAMPANIA - U07,2,1349936,LEONARDO,IMPEGNO,,,1974,NAPOLI,M
,,CI15,CAMPANIA,CP151,CAMPANIA - P01,CU1514,CAMPANIA - U07,3,1350618,NICOLA,MASSIMO,,,1969,NAPOLI,M
,,CI15,CAMPANIA,CP151,CAMPANIA - P01,CU1514,CAMPANIA - U07,4,1355372,RAFFAELE,DE ROSA,,,1978,POMPEI,M
,,CI15,CAMPANIA,CP151,CAMPANIA - P01,CU1514,CAMPANIA - U07,5,1349498,CLAUDIO,BARBARO,,,1955,ROMA,M
,,CI15,CAMPANIA,CP151,CAMPANIA - P01,CU1514,CAMPANIA - U07,6,1350281,PIA,FEDI,,,1969,SAN GIORGIO A CREMANO,F
,,CI15,CAMPANIA,CP151,CAMPANIA - P01,CU1514,CAMPANIA - U07,7,1352358,ANNARITA,DI PALMA,,,1980,CERCOLA (NA),F
,,CI15,CAMPANIA,CP152,CAMPANIA - P02,CU1521,CAMPANIA - U01,1,1348302,RENATO,DELLE FEMMINE,,,1948,SANTA MARIA CAPUA VETERE,M
,,CI15,CAMPANIA,CP152,CAMPANIA - P02,CU1521,CAMPANIA - U01,2,1350105,TOMMASO,DE SIMONE,,,1967,TEANO (CE),M
,,CI15,CAMPANIA,CP152,CAMPANIA - P02,CU1521,CAMPANIA - U01,3,1355290,LETIZIA,D'ONOFRIO,,,1961,MINTURNO (LT),F
,,CI15,CAMPANIA,CP152,CAMPANIA - P02,CU1521,CAMPANIA - U01,4,1350603,ANTONIO,DEL MONACO,,,1956,MADDALONI (CE),M
,,CI15,CAMPANIA,CP152,CAMPANIA - P02,CU1521,CAMPANIA - U01,5,1349478,GIOVANNA,PETRENGA,,,1956,CASAL DI PRINCIPE (CE),F
,,CI15,CAMPANIA,CP152,CAMPANIA - P02,CU1521,CAMPANIA - U01,6,1350253,MICHELE,DI STASIO,,,1952,PASTORANO (CE),M
,,CI15,CAMPANIA,CP152,CAMPANIA - P02,CU1521,CAMPANIA - U01,7,1352258,OVIDIO,MARZAIOLI,,,1959,CASERTA,M
,,CI15,CAMPANIA,CP152,CAMPANIA - P02,CU1522,CAMPANIA - U02,1,1348380,TIZIANA,SALVETTI,,,1963,NAPOLI,F
,,CI15,CAMPANIA,CP152,CAMPANIA - P02,CU1522,CAMPANIA - U02,2,1349968,CARLO,IANNACE,,,1963,SAN LEUCIO DEL SANNIO (BN),M
,,CI15,CAMPANIA,CP152,CAMPANIA - P02,CU1522,CAMPANIA - U02,3,1355292,TERESA,CAPUTO,,,1978,AVELLINO,F
,,CI15,CAMPANIA,CP152,CAMPANIA - P02,CU1522,CAMPANIA - U02,4,1350683,MAURA,SARNO,,,1959,AVELLINO,F
,,CI15,CAMPANIA,CP152,CAMPANIA - P02,CU1522,CAMPANIA - U02,5,1349512,GIULIA,COSENZA,,,1968,NAPOLI,F
,,CI15,CAMPANIA,CP152,CAMPANIA - P02,CU1522,CAMPANIA - U02,6,1350257,ARMANDO,ROCCO,,,1974,BENEVENTO,M
,,CI15,CAMPANIA,CP152,CAMPANIA - P02,CU1522,CAMPANIA - U02,7,1352266,FRANCESCA,MITE,,,1975,SAN GIOVANNI ROTONDO (FG),F
,,CI15,CAMPANIA,CP152,CAMPANIA - P02,CU1523,CAMPANIA - U03,1,1348383,LORENZO,FORTE,,,1973,SALERNO,M
,,CI15,CAMPANIA,CP152,CAMPANIA - P02,CU1523,CAMPANIA - U03,2,1350183,ANNA,PETRONE,,,1975,SALERNO,F
,,CI15,CAMPANIA,CP152,CAMPANIA - P02,CU1523,CAMPANIA - U03,3,1355294,GIOVANNI,GOLINO,,,1977,MARCIANISE (CE),M
,,CI15,CAMPANIA,CP152,CAMPANIA - P02,CU1523,CAMPANIA - U03,4,1350684,FRANCESCO,CASTIELLO,,,1942,VALLO DELLA LUCANIA (SA),M
,,CI15,CAMPANIA,CP152,CAMPANIA - P02,CU1523,CAMPANIA - U03,5,1349514,ANTONIO,IANNONE,,,1975,TORRE DEL GRECO (NA),M
,,CI15,CAMPANIA,CP152,CAMPANIA - P02,CU1523,CAMPANIA - U03,6,1350343,ANTONIO,PIERRI,,,1951,FISCIANO (SA),M
,,CI15,CAMPANIA,CP152,CAMPANIA - P02,CU1523,CAMPANIA - U03,7,1352583,LUIGI,CASCIELLO,,,1963,BENEVENTO,M
,,CI16,PUGLIA,CP161,PUGLIA - P01,CU1611,PUGLIA - U01,1,1349663,ANNA MARIA,FALLUCCHI,,,1968,FOGGIA,F
,,CI16,PUGLIA,CP161,PUGLIA - P01,CU1611,PUGLIA - U01,2,1353011,LORENZO,FRATTAROLO,,,1976,FOGGIA,M
,,CI16,PUGLIA,CP161,PUGLIA - P01,CU1611,PUGLIA - U01,3,1348110,ELENA INCORONATA,PALLARA,,,1975,SAN GIOVANNI ROTONDO,F
,,CI16,PUGLIA,CP161,PUGLIA - P01,CU1611,PUGLIA - U01,4,1349903,GISELLA,NATURALE,,,1969,SAN GIOVANNI ROTONDO,F
,,CI16,PUGLIA,CP161,PUGLIA - P01,CU1611,PUGLIA - U01,5,1348293,VALENTINA,BRATTI,,,1971,FOGGIA,F
,,CI16,PUGLIA,CP161,PUGLIA - P01,CU1611,PUGLIA - U01,6,1348073,TERESA,CICOLELLA,,,1976,CERIGNOLA,F
,,CI16,PUGLIA,CP161,PUGLIA - P01,CU1611,PUGLIA - U01,7,1352738,COMINGIO,ROSSI,,,1951,LUCERA,M
,,CI16,PUGLIA,CP161,PUGLIA - P01,CU1611,PUGLIA - U01,8,1349620,VINCENZO,SINISI,,,1973,ANDRIA,M
,,CI16,PUGLIA,CP161,PUGLIA - P01,CU1611,PUGLIA - U01,9,1352930,PAOLA ANGELA,PATERA,,,1971,NARDO',F
,,CI16,PUGLIA,CP161,PUGLIA - P01,CU1611,PUGLIA - U01,10,1347983,COSIMO,MASSARO,,,1971,TORINO,M
,,CI16,PUGLIA,CP161,PUGLIA - P01,CU1611,PUGLIA - U01,11,1352162,ANNA,FORTUNATO,,,1951,LUCERA,F
,,CI16,PUGLIA,CP161,PUGLIA - P01,CU1612,PUGLIA - U02,1,1349770,FRANCESCO PAOLO,SISTO,,,1955,BARI,M
,,CI16,PUGLIA,CP161,PUGLIA - P01,CU1612,PUGLIA - U02,2,1353101,STEFANIA,D'ADDATO,,,1974,BISCEGLIE,F
,,CI16,PUGLIA,CP161,PUGLIA - P01,CU1612,PUGLIA - U02,3,1348020,FRANCO,BARTOLOMEI,,,1956,ROMA,M
,,CI16,PUGLIA,CP161,PUGLIA - P01,CU1612,PUGLIA - U02,4,1349905,MICHELE,CORATELLA,,,1968,ANDRIA,M
,,CI16,PUGLIA,CP161,PUGLIA - P01,CU1612,PUGLIA - U02,5,1348209,PASQUALE,SIMONE,,,1949,BISCEGLIE,M
,,CI16,PUGLIA,CP161,PUGLIA - P01,CU1612,PUGLIA - U02,6,1348076,DOMENICO,LOMELO,,,1954,POLIGNANO A MARE,M
,,CI16,PUGLIA,CP161,PUGLIA - P01,CU1612,PUGLIA - U02,7,1352743,DEBORA,GRAZIANO,,,1969,CIVITAVECCHIA,F
,,CI16,PUGLIA,CP161,PUGLIA - P01,CU1612,PUGLIA - U02,8,1349624,ALESSANDRO,MASSAFRA,,,1979,LOCOROTONDO,M
,,CI16,PUGLIA,CP161,PUGLIA - P01,CU1612,PUGLIA - U02,9,1352768,GIANCARLO,VINCITORIO,,,1970,BRINDISI,M
,,CI16,PUGLIA,CP161,PUGLIA - P01,CU1612,PUGLIA - U02,10,1347984,NICOLA,DI GENNARO,,,1967,BISCEGLIE,M
,,CI16,PUGLIA,CP161,PUGLIA - P01,CU1612,PUGLIA - U02,11,1352173,TERESA,TRITTO,,,1955,SANTERAMO IN COLLE,F
,,CI16,PUGLIA,CP161,PUGLIA - P01,CU1613,PUGLIA - U03,1,1349674,FILIPPO,MELCHIORRE,,,1966,BARI,M
,,CI16,PUGLIA,CP161,PUGLIA - P01,CU1613,PUGLIA - U03,2,1353014,NUNZIA,CINONE,,,1971,BARI,F
,,CI16,PUGLIA,CP161,PUGLIA - P01,CU1613,PUGLIA - U03,3,1348023,PATRIZIA ANGELA ROMANA,CARLUCCI,,,1961,MOLFETTA,F
,,CI16,PUGLIA,CP161,PUGLIA - P01,CU1613,PUGLIA - U03,4,1349841,MARIA,LA GHEZZA,,,1981,MONOPOLI,F
,,CI16,PUGLIA,CP161,PUGLIA - P01,CU1613,PUGLIA - U03,5,1348210,CAMILLA,CAMPANELLA,,,1977,ACQUAVIVA DELLE FONTI,F
,,CI16,PUGLIA,CP161,PUGLIA - P01,CU1613,PUGLIA - U03,6,1348206,MICHELE,NITTI,,,1981,ACQUAVIVA DELLE FONTI,M
,,CI16,PUGLIA,CP161,PUGLIA - P01,CU1613,PUGLIA - U03,7,1352902,LUCIA,PARTIPILO,,,1976,BARI,F
,,CI16,PUGLIA,CP161,PUGLIA - P01,CU1613,PUGLIA - U03,8,1349640,DONATA,ALBERGO,DETTA,DONATELLA,1950,BARI,F
,,CI16,PUGLIA,CP161,PUGLIA - P01,CU1613,PUGLIA - U03,9,1352937,CARLO,ZEULI,,,1959,BARI,M
,,CI16,PUGLIA,CP161,PUGLIA - P01,CU1613,PUGLIA - U03,10,1347985,NICOLA,SIGNORILE,,,1956,BARI,M
,,CI16,PUGLIA,CP161,PUGLIA - P01,CU1613,PUGLIA - U03,11,1352321,BIAGIO,CANTATORE,,,1967,RUVO DI PUGLIA,M
,,CI16,PUGLIA,CP161,PUGLIA - P01,CU1614,PUGLIA - U04,1,1349776,VITA MARIA,NOCCO,,,1974,SANTERAMO IN COLLE,F
,,CI16,PUGLIA,CP161,PUGLIA - P01,CU1614,PUGLIA - U04,2,1353119,NICOLA,BRUNI,,,1945,TARANTO,M
,,CI16,PUGLIA,CP161,PUGLIA - P01,CU1614,PUGLIA - U04,3,1348026,ANGELO,LEO,,,1955,CEGLIE MESSAPICA,M
,,CI16,PUGLIA,CP161,PUGLIA - P01,CU1614,PUGLIA - U04,4,1349910,ROBERTO,FUSCO,,,1960,BRINDISI,M
,,CI16,PUGLIA,CP161,PUGLIA - P01,CU1614,PUGLIA - U04,5,1348211,MICHELA,DISTRATIS,,,1981,MANDURIA,F
,,CI16,PUGLIA,CP161,PUGLIA - P01,CU1614,PUGLIA - U04,6,1348281,MARIA GRAZIA,CASCARANO,,,1964,MANDURIA,F
,,CI16,PUGLIA,CP161,PUGLIA - P01,CU1614,PUGLIA - U04,7,1352908,ERASMO,GIOVE,,,1977,SANTERAMO IN COLLE,M
,,CI16,PUGLIA,CP161,PUGLIA - P01,CU1614,PUGLIA - U04,8,1349642,GABRIELE,ANNESE,,,1979,MOLA DI BARI,M
,,CI16,PUGLIA,CP161,PUGLIA - P01,CU1614,PUGLIA - U04,9,1352778,ALBERTO,LAZZARO,,,1962,TARANTO,M
,,CI16,PUGLIA,CP161,PUGLIA - P01,CU1614,PUGLIA - U04,10,1347987,ROSA,MARGIOTTA,,,1964,BRINDISI,F
,,CI16,PUGLIA,CP161,PUGLIA - P01,CU1614,PUGLIA - U04,11,1352330,ALESSANDRO,GENTILE,,,1973,TARANTO,M
,,CI16,PUGLIA,CP161,PUGLIA - P01,CU1615,PUGLIA - U05,1,1349785,ROBERTO,MARTI,,,1974,LECCE,M
,,CI16,PUGLIA,CP161,PUGLIA - P01,CU1615,PUGLIA - U05,2,1353128,ALFREDO,PAGLIARO,,,1955,LECCE,M
,,CI16,PUGLIA,CP161,PUGLIA - P01,CU1615,PUGLIA - U05,3,1348030,DUILIO COSIMO,ROMANELLO,,,1980,COPERTINO,M
,,CI16,PUGLIA,CP161,PUGLIA - P01,CU1615,PUGLIA - U05,4,1349913,ANTONIO SALVATORE,TREVISI,,,1976,COPERTINO,M
,,CI16,PUGLIA,CP161,PUGLIA - P01,CU1615,PUGLIA - U05,5,1348299,RAFFAELE,CESARIO,,,1974,BRINDISI,M
,,CI16,PUGLIA,CP161,PUGLIA - P01,CU1615,PUGLIA - U05,6,1348208,PIETRO LUIGI,LOPALCO,,,1964,MESAGNE,M
,,CI16,PUGLIA,CP161,PUGLIA - P01,CU1615,PUGLIA - U05,7,1352916,ETTORE,MARINELLI,,,1973,TARANTO,M
,,CI16,PUGLIA,CP161,PUGLIA - P01,CU1615,PUGLIA - U05,8,1349759,ADA,DONNO,,,1947,SURBO,F
,,CI16,PUGLIA,CP161,PUGLIA - P01,CU1615,PUGLIA - U05,9,1352944,GIOVANNA,SPINELLI,,,1952,LIZZANO,F
,,CI16,PUGLIA,CP161,PUGLIA - P01,CU1615,PUGLIA - U05,10,1347989,GRAZIA,MAREMONTI,,,1968,TARANTO,F
,,CI16,PUGLIA,CP161,PUGLIA - P01,CU1615,PUGLIA - U05,11,1352234,PASQUALINA,IMPERIALE,,,1966,NEVIANO,F
,,CI17,BASILICATA,CP171,BASILICATA - P01,CU1711,BASILICATA - U01,1,1353650,IGNAZIO,PETRONE,,,1965,POTENZA (PZ),M
,,CI17,BASILICATA,CP171,BASILICATA - P01,CU1711,BASILICATA - U01,2,1353612,ANTONIO,PALLOTTINO,,,1943,RIONERO IN VULTURE (PZ),M
,,CI17,BASILICATA,CP171,BASILICATA - P01,CU1711,BASILICATA - U01,3,1354742,MARIA ELISABETTA,ALBERTI CASELLATI,,,1946,ROVIGO (RO),F
,,CI17,BASILICATA,CP171,BASILICATA - P01,CU1711,BASILICATA - U01,4,1353613,GIOVANNI,COLANGELO,,,1966,POTENZA (PZ),M
,,CI17,BASILICATA,CP171,BASILICATA - P01,CU1711,BASILICATA - U01,5,1354813,MARIANGELA,GUERRA,,,1980,POLICORO (MT),F
,,CI17,BASILICATA,CP171,BASILICATA - P01,CU1711,BASILICATA - U01,6,1353610,MICHELE,SIGNA,,,1967,POTENZA (PZ),M
,,CI17,BASILICATA,CP171,BASILICATA - P01,CU1711,BASILICATA - U01,7,1353465,ANTONIO,MATERDOMINI,,,1977,MATERA (MT),M
,,CI17,BASILICATA,CP171,BASILICATA - P01,CU1711,BASILICATA - U01,8,1353469,ROBERTO,ROBILOTTA,,,1967,POTENZA (PZ),M
,,CI17,BASILICATA,CP171,BASILICATA - P01,CU1711,BASILICATA - U01,9,1354750,PIERGIUSEPPE ANTONIO,PECORARO,,,1977,STIGLIANO (MT),M
,,CI18,CALABRIA,CP181,CALABRIA - P01,CU1811,CALABRIA - U01,1,1354418,ROSSELLA,ANDOLFO,,,1980,MESSINA,F
,,CI18,CALABRIA,CP181,CALABRIA - P01,CU1811,CALABRIA - U01,2,1354110,KATARZYNA EDYTA,BELBOT,,,1972,BIALYSTOK (POLONIA),F
,,CI18,CALABRIA,CP181,CALABRIA - P01,CU1811,CALABRIA - U01,3,1354516,MORENA,DE LUCA,,,1975,COSENZA,F
,,CI18,CALABRIA,CP181,CALABRIA - P01,CU1811,CALABRIA - U01,4,1354117,PALMA,QUARTAROLO,,,1958,CASTROVILLARI,F
,,CI18,CALABRIA,CP181,CALABRIA - P01,CU1811,CALABRIA - U01,5,1354184,LUCIO,SESSA,,,1964,ROMA,M
,,CI18,CALABRIA,CP181,CALABRIA - P01,CU1811,CALABRIA - U01,6,1354138,ERNESTO,RAPANI,,,1967,ROSSANO,M
,,CI18,CALABRIA,CP181,CALABRIA - P01,CU1811,CALABRIA - U01,7,1353967,UGO,VETERE,,,1969,BELVEDERE MARITTIMO,M
,,CI18,CALABRIA,CP181,CALABRIA - P01,CU1811,CALABRIA - U01,8,1354169,ANTONIO,MANFREDI,,,1958,CROTONE,M
,,CI18,CALABRIA,CP181,CALABRIA - P01,CU1811,CALABRIA - U01,9,1354166,VITA,LENTINI,,,1957,PALERMO,F
,,CI18,CALABRIA,CP181,CALABRIA - P01,CU1811,CALABRIA - U01,10,1354519,VINCENZO,CERULLO,,,1961,STALETTI',M
,,CI18,CALABRIA,CP181,CALABRIA - P01,CU1811,CALABRIA - U01,11,1354157,FRANCESCA,DORATO,,,1974,CASTROVILLARI,F
,,CI18,CALABRIA,CP181,CALABRIA - P01,CU1811,CALABRIA - U01,12,1354513,VINCENZO,CHIARAMONTE,,,1967,SARACENA,M
,,CI18,CALABRIA,CP181,CALABRIA - P01,CU1811,CALABRIA - U01,13,1354160,MARIA,SALADINO,,,1982,CASTROVILLARI,F
,,CI18,CALABRIA,CP181,CALABRIA - P01,CU1811,CALABRIA - U01,14,1354234,DANIELA FLAVIA,VENTURA,,,1963,ISOLA DI CAPO RIZZUTO,F
,,CI18,CALABRIA,CP181,CALABRIA - P01,CU1812,CALABRIA - U02,1,1354792,ANTONINO,BARTUCCIO,,,1967,REGGIO DI CALABRIA,M
,,CI18,CALABRIA,CP181,CALABRIA - P01,CU1812,CALABRIA - U02,2,1354468,ERNESTO,LAMANNA,,,1951,CATANZARO,M
,,CI18,CALABRIA,CP181,CALABRIA - P01,CU1812,CALABRIA - U02,3,1354798,ANTONIO GENNARO,LA ROTONDA,,,1960,COSENZA,M
,,CI18,CALABRIA,CP181,CALABRIA - P01,CU1812,CALABRIA - U02,4,1354472,GIOVANNI,GIANNUZZI,,,1972,CASTROVILLARI,M
,,CI18,CALABRIA,CP181,CALABRIA - P01,CU1812,CALABRIA - U02,5,1354459,ANTONIA,CONDEMI,,,1973,REGGIO CALABRIA,F
,,CI18,CALABRIA,CP181,CALABRIA - P01,CU1812,CALABRIA - U02,6,1354557,CLOTILDE,MINASI,,,1960,REGGIO CALABRIA,F
,,CI18,CALABRIA,CP181,CALABRIA - P01,CU1812,CALABRIA - U02,7,1354454,ANGELINA ANTONIETTA,MARTINO,,,1964,GRENCHEN (SVIZZERA),F
,,CI18,CALABRIA,CP181,CALABRIA - P01,CU1812,CALABRIA - U02,8,1354789,ROSA,POLITANO',,,1958,POLISTENA,F
,,CI18,CALABRIA,CP181,CALABRIA - P01,CU1812,CALABRIA - U02,9,1354782,DOMENICO,PENDOLINO,,,1971,TORINO,M
,,CI18,CALABRIA,CP181,CALABRIA - P01,CU1812,CALABRIA - U02,10,1354806,MARISA,GRECO,,,1965,TERRANOVA DA SIBARI,F
,,CI18,CALABRIA,CP181,CALABRIA - P01,CU1812,CALABRIA - U02,11,1354578,FRANCESCO,PITARO,,,1973,CATANZARO,M
,,CI18,CALABRIA,CP181,CALABRIA - P01,CU1812,CALABRIA - U02,12,1354794,ANTONELLA,PERISSINOTTI BISONI,,,1954,REGGIO CALABRIA,F
,,CI18,CALABRIA,CP181,CALABRIA - P01,CU1812,CALABRIA - U02,13,1354780,GIUSEPPE,AUDDINO,,,1971,POLISTENA,M
,,CI18,CALABRIA,CP181,CALABRIA - P01,CU1812,CALABRIA - U02,14,1354688,AGOSTINO,SIVIGLIA,,,1972,MELITO DI PORTO SALVO,M
,,CI19,SICILIA,CP191,SICILIA - P01,CU1911,SICILIA - U01,1,1348572,MARIO,BARBUTO,,,1954,CATANIA,M
,,CI19,SICILIA,CP191,SICILIA - P01,CU1911,SICILIA - U01,2,1354251,DOLORES,BEVILACQUA,,,1974,PARTINICO,F
,,CI19,SICILIA,CP191,SICILIA - P01,CU1911,SICILIA - U01,3,1349755,ANTONINO,TERMINELLI,,,1966,PALERMO,M
,,CI19,SICILIA,CP191,SICILIA - P01,CU1911,SICILIA - U01,4,1354803,GIUSEPPA,PROVINO,,,1960,BAGHERIA,F
,,CI19,SICILIA,CP191,SICILIA - P01,CU1911,SICILIA - U01,5,1348462,ANTONELLA,PANZECA,,,1959,PALERMO,F
,,CI19,SICILIA,CP191,SICILIA - P01,CU1911,SICILIA - U01,6,1352024,GIOVANNI,MANISCALCO,,,1954,PALERMO,M
,,CI19,SICILIA,CP191,SICILIA - P01,CU1911,SICILIA - U01,7,1354672,ALESSANDRO,BUONOCUNTO,,,1976,PALERMO,M
,,CI19,SICILIA,CP191,SICILIA - P01,CU1911,SICILIA - U01,8,1348598,RICCARDO,SANTANGELO,,,1969,PALERMO,M
,,CI19,SICILIA,CP191,SICILIA - P01,CU1911,SICILIA - U01,9,1354869,ANDREA,ODDO,,,1973,PALERMO,M
,,CI19,SICILIA,CP191,SICILIA - P01,CU1912,SICILIA - U02,1,1348577,RAOUL,RUSSO,,,1971,PALERMO,M
,,CI19,SICILIA,CP191,SICILIA - P01,CU1912,SICILIA - U02,2,1354257,GIUSEPPE,CHIAZZESE,,,1982,CORLEONE,M
,,CI19,SICILIA,CP191,SICILIA - P01,CU1912,SICILIA - U02,3,1349649,STEFANIA,MARASCIA,,,1968,MAZARA DEL VALLO,F
,,CI19,SICILIA,CP191,SICILIA - P01,CU1912,SICILIA - U02,4,1354807,GIOVANNI,BAVETTA,,,1954,PARTANNA,M
,,CI19,SICILIA,CP191,SICILIA - P01,CU1912,SICILIA - U02,5,1348465,TOMMASO,GARGANO,,,1972,PALERMO,M
,,CI19,SICILIA,CP191,SICILIA - P01,CU1912,SICILIA - U02,6,1352091,SUSANNA,CARACCI,,,1975,CASTELVETRANO,F
,,CI19,SICILIA,CP191,SICILIA - P01,CU1912,SICILIA - U02,7,1354886,KAREN,TONA,,,1976,PALERMO,F
,,CI19,SICILIA,CP191,SICILIA - P01,CU1912,SICILIA - U02,8,1348526,GIULIANA MARIA,FUNDARO',,,1968,ALCAMO,F
,,CI19,SICILIA,CP191,SICILIA - P01,CU1912,SICILIA - U02,9,1354982,NUNZIATINA,DI PAOLA,,,1976,LASCARI,F
,,CI19,SICILIA,CP191,SICILIA - P01,CU1913,SICILIA - U03,1,1348782,STEFANIA GABRIELLA ANASTASIA,CRAXI,,,1960,MILANO,F
,,CI19,SICILIA,CP191,SICILIA - P01,CU1913,SICILIA - U03,2,1354264,PIETRO,LOREFICE,,,1967,GELA,M
,,CI19,SICILIA,CP191,SICILIA - P01,CU1913,SICILIA - U03,3,1349763,MARINA CALOGERA,CASTIGLIONE,,,1966,CALTANISSETTA,F
,,CI19,SICILIA,CP191,SICILIA - P01,CU1913,SICILIA - U03,4,1354810,MICHELE,TERMINI,,,1975,SAN CATALDO,M
,,CI19,SICILIA,CP191,SICILIA - P01,CU1913,SICILIA - U03,5,1348275,MARZIA,MANISCALCO,,,1976,TRIESTE,F
,,CI19,SICILIA,CP191,SICILIA - P01,CU1913,SICILIA - U03,6,1352097,NICOLA,PULEO,,,1980,SCIACCA,M
,,CI19,SICILIA,CP191,SICILIA - P01,CU1913,SICILIA - U03,7,1354676,ROBERTO,MANZONE,,,1974,PALERMO,M
,,CI19,SICILIA,CP191,SICILIA - P01,CU1913,SICILIA - U03,8,1348528,MARIA CATERINA,SCIACCA,,,1961,PALERMO,F
,,CI19,SICILIA,CP191,SICILIA - P01,CU1913,SICILIA - U03,9,1354897,MARIA FRANCESCA,MOSCA,,,1960,PALERMO,F
,,CI19,SICILIA,CP192,SICILIA - P02,CU1921,SICILIA - U04,1,1348700,SEBASTIANO,MUSUMECI,DETTO,NELLO,1955,MILITELLO VAL DI CATANIA,M
,,CI19,SICILIA,CP192,SICILIA - P02,CU1921,SICILIA - U04,2,1354270,GIUSEPPINA,RANNONE,,,1970,CATANIA,F
,,CI19,SICILIA,CP192,SICILIA - P02,CU1921,SICILIA - U04,3,1349669,ORAZIO ERMANNO,ARANCIO,,,1967,CATANIA,M
,,CI19,SICILIA,CP192,SICILIA - P02,CU1921,SICILIA - U04,4,1354814,TIZIANA,D'ANNA,,,1966,FIUMEFREDDO DI SICILIA,F
,,CI19,SICILIA,CP192,SICILIA - P02,CU1921,SICILIA - U04,5,1348277,CATENO,DE LUCA,,,1972,FIUMEDINISI,M
,,CI19,SICILIA,CP192,SICILIA - P02,CU1921,SICILIA - U04,6,1352045,GOFFREDO,D'ANTONA,,,1963,NAPOLI,M
,,CI19,SICILIA,CP192,SICILIA - P02,CU1921,SICILIA - U04,7,1352222,GIANFRANCO,DI BARTOLO,,,1970,CATANIA,M
,,CI19,SICILIA,CP192,SICILIA - P02,CU1921,SICILIA - U04,8,1354895,NICOLETTA,RE,,,1961,ROMA,F
,,CI19,SICILIA,CP192,SICILIA - P02,CU1921,SICILIA - U04,9,1348685,NUNZIA ALESSANDRA,SCHILIRO',,,1978,CATANIA,F
,,CI19,SICILIA,CP192,SICILIA - P02,CU1921,SICILIA - U04,10,1354987,MARILENA,GIORDANO,,,1953,SAN PELLEGRINO TERME,F
,,CI19,SICILIA,CP192,SICILIA - P02,CU1922,SICILIA - U05,1,1348613,SALVATORE,SALLEMI,,,1977,VITTORIA,M
,,CI19,SICILIA,CP192,SICILIA - P02,CU1922,SICILIA - U05,2,1354273,GIUSEPPE,PISANI,,,1952,SCICLI,M
,,CI19,SICILIA,CP192,SICILIA - P02,CU1922,SICILIA - U05,3,1349775,PAOLO,AMENTA,,,1961,CANICATTINI BAGNI,M
,,CI19,SICILIA,CP192,SICILIA - P02,CU1922,SICILIA - U05,4,1354752,MARIANNA,BUSCEMA,,,1978,MODICA,F
,,CI19,SICILIA,CP192,SICILIA - P02,CU1922,SICILIA - U05,5,1348488,ANTONIO,GUASTELLA,,,1971,RAGUSA,M
,,CI19,SICILIA,CP192,SICILIA - P02,CU1922,SICILIA - U05,6,1352051,GIORGIO,PICCIONE,,,1958,VITTORIA,M
,,CI19,SICILIA,CP192,SICILIA - P02,CU1922,SICILIA - U05,7,1352178,GIULIO,MORELLO,,,1964,AUGUSTA,M
,,CI19,SICILIA,CP192,SICILIA - P02,CU1922,SICILIA - U05,8,1354993,ANGELO,SCAGLIONE,,,1971,SIRACUSA,M
,,CI19,SICILIA,CP192,SICILIA - P02,CU1922,SICILIA - U05,9,1348533,EMANUELE,CAVALLO,,,1965,MODICA,M
,,CI19,SICILIA,CP192,SICILIA - P02,CU1922,SICILIA - U05,10,1354902,GIOVANNI ARMANDO,ZERO,,,1977,TERLIZZI,M
,,CI19,SICILIA,CP192,SICILIA - P02,CU1923,SICILIA - U06,1,1348615,CARMELA,BUCALO,,,1963,BARCELLONA POZZO DI GOTTO,F
,,CI19,SICILIA,CP192,SICILIA - P02,CU1923,SICILIA - U06,2,1354279,BARBARA,FLORIDIA,,,1977,MESSINA,F
,,CI19,SICILIA,CP192,SICILIA - P02,CU1923,SICILIA - U06,3,1349679,ANTONIA,RUSSO,,,1969,MESSINA,F
,,CI19,SICILIA,CP192,SICILIA - P02,CU1923,SICILIA - U06,4,1354756,EMILIANO,LAZZARA PAPINA,,,1977,MONZA,M
,,CI19,SICILIA,CP192,SICILIA - P02,CU1923,SICILIA - U06,5,1348491,DAFNE,MUSOLINO,,,1974,MESSINA,F
,,CI19,SICILIA,CP192,SICILIA - P02,CU1923,SICILIA - U06,6,1375024,DOLORES,DESSI',DETTA,DORIS,1967,CAGLIARI,F
,,CI19,SICILIA,CP192,SICILIA - P02,CU1923,SICILIA - U06,7,1352228,ENZA,LO PRESTI,,,1973,MESSINA,F
,,CI19,SICILIA,CP192,SICILIA - P02,CU1923,SICILIA - U06,8,1354997,CARLA,BONANNO,,,1966,PIAZZA ARMERINA,F
,,CI19,SICILIA,CP192,SICILIA - P02,CU1923,SICILIA - U06,9,1348537,GIUSEPPE,SOTTILE,,,1971,BARCELLONA POZZO DI GOTTO,M
,,CI19,SICILIA,CP192,SICILIA - P02,CU1923,SICILIA - U06,10,1355080,RENZO,IOPPOLO,,,1972,MESSINA,M
,,CI20,SARDEGNA,CP201,SARDEGNA - P01,CU2011,SARDEGNA - U01,1,1354115,ANTONELLA,ZEDDA,,,1976,CAGLIARI,F
,,CI20,SARDEGNA,CP201,SARDEGNA - P01,CU2011,SARDEGNA - U01,2,1354959,GIOVANNI,FANCELLO,,,1980,NUORO,M
,,CI20,SARDEGNA,CP201,SARDEGNA - P01,CU2011,SARDEGNA - U01,3,1354102,NICOLA,DI CESARE,,,1963,CAGLIARI,M
,,CI20,SARDEGNA,CP201,SARDEGNA - P01,CU2011,SARDEGNA - U01,4,1354041,ANTONELLA,ATZEI,,,1962,MARINEO,F
,,CI20,SARDEGNA,CP201,SARDEGNA - P01,CU2011,SARDEGNA - U01,5,1354289,MARIA LUISA,BUSINCO,,,1957,CAGLIARI,F
,,CI20,SARDEGNA,CP201,SARDEGNA - P01,CU2011,SARDEGNA - U01,6,1354087,SABRINA,LICHERI,,,1971,ASSEMINI,F
,,CI20,SARDEGNA,CP201,SARDEGNA - P01,CU2011,SARDEGNA - U01,7,1354212,CLAUDIA,MEDDA,,,1977,CAGLIARI,F
,,CI20,SARDEGNA,CP201,SARDEGNA - P01,CU2011,SARDEGNA - U01,8,1354034,MARIA,DEL ZOMPO,,,1951,CAGLIARI,F
,,CI20,SARDEGNA,CP201,SARDEGNA - P01,CU2012,SARDEGNA - U02,1,1354253,MARCELLO,PERA,,,1943,LUCCA,M
,,CI20,SARDEGNA,CP201,SARDEGNA - P01,CU2012,SARDEGNA - U02,2,1355039,LUCIA,BROCCA,,,1981,NUORO,F
,,CI20,SARDEGNA,CP201,SARDEGNA - P01,CU2012,SARDEGNA - U02,3,1354249,PATRIZIA,PIRAS,,,1966,CAGLIARI,F
,,CI20,SARDEGNA,CP201,SARDEGNA - P01,CU2012,SARDEGNA - U02,4,1354242,GAVINO,FONNESU,,,1965,ALGHERO,M
,,CI20,SARDEGNA,CP201,SARDEGNA - P01,CU2012,SARDEGNA - U02,5,1354268,ALESSANDRO,GOFFI,,,1952,ALGHERO,M
,,CI20,SARDEGNA,CP201,SARDEGNA - P01,CU2012,SARDEGNA - U02,6,1354308,MARCELLO,CHERCHI,,,1966,MACOMER,M
,,CI20,SARDEGNA,CP201,SARDEGNA - P01,CU2012,SARDEGNA - U02,7,1354255,ANTIOCO VALERIO,ZOCCHEDDU,,,1956,SASSARI,M
,,CI20,SARDEGNA,CP201,SARDEGNA - P01,CU2012,SARDEGNA - U02,8,1354303,GAVINO,MANCA,,,1970,SASSARI,M
,,NA1,ITALIA,CI02,VALLE D'AOSTA,CU0201,VALLE D'AOSTA - U01,1,1350701,GIOVANNI GUGLIELMO,LERAY,,,1968,BRESCIA (BS),M
,,NA1,ITALIA,CI02,VALLE D'AOSTA,CU0201,VALLE D'AOSTA - U01,2,1350707,PATRIK,VESAN,,,1976,AOSTA,M
,,NA1,ITALIA,CI02,VALLE D'AOSTA,CU0201,VALLE D'AOSTA - U01,3,1348434,DARIA,PULZ,,,1968,AOSTA,F
,,NA1,ITALIA,CI02,VALLE D'AOSTA,CU0201,VALLE D'AOSTA - U01,4,1350692,ALESSANDRO,BICHINI,,,1972,TAURIANOVA (RC),M
,,NA1,ITALIA,CI02,VALLE D'AOSTA,CU0201,VALLE D'AOSTA - U01,5,1348435,"FRANCESCO, MARIA, GIUSEPPE, CARLO",LUCAT,,,1946,SAINT-VINCENT (AO),M
,,NA1,ITALIA,CI02,VALLE D'AOSTA,CU0201,VALLE D'AOSTA - U01,6,1350704,NICOLETTA,SPELGATTI,,,1971,AOSTA,F
,,NA1,ITALIA,CI02,VALLE D'AOSTA,CU0201,VALLE D'AOSTA - U01,7,1351320,LARISA,BARGAN,,,1977,BOLDURESTI (MOLDOVA),F
,,NA1,ITALIA,CI02,VALLE D'AOSTA,CU0201,VALLE D'AOSTA - U01,8,1348433,AUGUSTO,ROLLANDIN,,,1949,BRUSSON (AO),M
,,NA1,ITALIA,CI21,TRENTINO-ALTO ADIGE/SDTIROL,CU2101,TRENTINO-ALTO ADIGE/SDTIROL - U01,1,1351089,PAOLO,MINOTTO,,,1970,CASTELLANZA,M
,,NA1,ITALIA,CI21,TRENTINO-ALTO ADIGE/SDTIROL,CU2101,TRENTINO-ALTO ADIGE/SDTIROL - U01,2,1348271,PATRIZIA,PACE,,,1966,VITTORIA,F
,,NA1,ITALIA,CI21,TRENTINO-ALTO ADIGE/SDTIROL,CU2101,TRENTINO-ALTO ADIGE/SDTIROL - U01,3,1348410,MATTIA,MAISTRI,,,1978,TRENTO,M
,,NA1,ITALIA,CI21,TRENTINO-ALTO ADIGE/SDTIROL,CU2101,TRENTINO-ALTO ADIGE/SDTIROL - U01,4,1350933,VALERIA,ALLOCATI,,,1967,NAPOLI,F
,,NA1,ITALIA,CI21,TRENTINO-ALTO ADIGE/SDTIROL,CU2101,TRENTINO-ALTO ADIGE/SDTIROL - U01,5,1352769,PIETRO,PATTON,,,1957,TRENTO,M
,,NA1,ITALIA,CI21,TRENTINO-ALTO ADIGE/SDTIROL,CU2101,TRENTINO-ALTO ADIGE/SDTIROL - U01,6,1350568,MARTINA,LOSS,,,1975,TRIESTE,F
,,NA1,ITALIA,CI21,TRENTINO-ALTO ADIGE/SDTIROL,CU2102,TRENTINO-ALTO ADIGE/SDTIROL - U02,1,1351090,GIULIO,ANGELINI,,,1976,MILANO,M
,,NA1,ITALIA,CI21,TRENTINO-ALTO ADIGE/SDTIROL,CU2102,TRENTINO-ALTO ADIGE/SDTIROL - U02,2,1353070,SUSANNA,FANTINI,,,1974,FORLIMPOPOLI,F
,,NA1,ITALIA,CI21,TRENTINO-ALTO ADIGE/SDTIROL,CU2102,TRENTINO-ALTO ADIGE/SDTIROL - U02,3,1348481,STEFANO,BRESCIANI,,,1967,ARCO,M
,,NA1,ITALIA,CI21,TRENTINO-ALTO ADIGE/SDTIROL,CU2102,TRENTINO-ALTO ADIGE/SDTIROL - U02,4,1348425,GIOVANNA,GIUGNI,,,1957,FERRARA,F
,,NA1,ITALIA,CI21,TRENTINO-ALTO ADIGE/SDTIROL,CU2102,TRENTINO-ALTO ADIGE/SDTIROL - U02,5,1350941,CLAUDIO,DELLA VOLPE,,,1950,NAPOLI,M
,,NA1,ITALIA,CI21,TRENTINO-ALTO ADIGE/SDTIROL,CU2102,TRENTINO-ALTO ADIGE/SDTIROL - U02,6,1352991,DONATELLA,CONZATTI,,,1974,ROVERETO,F
,,NA1,ITALIA,CI21,TRENTINO-ALTO ADIGE/SDTIROL,CU2102,TRENTINO-ALTO ADIGE/SDTIROL - U02,7,1350578,MICHAELA,BIANCOFIORE,,,1970,BOLZANO,F
,,NA1,ITALIA,CI21,TRENTINO-ALTO ADIGE/SDTIROL,CU2103,TRENTINO-ALTO ADIGE/SDTIROL - U03,1,1351010,ROSA MICHELA,RIZZI,,,1969,VIGO DI FASSA,F
,,NA1,ITALIA,CI21,TRENTINO-ALTO ADIGE/SDTIROL,CU2103,TRENTINO-ALTO ADIGE/SDTIROL - U03,2,1348473,ROBERTA,BERGAMO,,,1963,TRENTO,F
,,NA1,ITALIA,CI21,TRENTINO-ALTO ADIGE/SDTIROL,CU2103,TRENTINO-ALTO ADIGE/SDTIROL - U03,3,1348238,ROBERTO,CAPPELLETTI,,,1957,TRENTO,M
,,NA1,ITALIA,CI21,TRENTINO-ALTO ADIGE/SDTIROL,CU2103,TRENTINO-ALTO ADIGE/SDTIROL - U03,4,1350946,GIULIANO,PANTANO,,,1960,PADOVA,M
,,NA1,ITALIA,CI21,TRENTINO-ALTO ADIGE/SDTIROL,CU2103,TRENTINO-ALTO ADIGE/SDTIROL - U03,5,1354226,MICHELE,SARTORI,,,1961,LEVICO,M
,,NA1,ITALIA,CI21,TRENTINO-ALTO ADIGE/SDTIROL,CU2103,TRENTINO-ALTO ADIGE/SDTIROL - U03,6,1350787,ELENA,TESTOR,,,1973,CAVALESE,F
,,NA1,ITALIA,CI21,TRENTINO-ALTO ADIGE/SDTIROL,CU2104,TRENTINO-ALTO ADIGE/SDTIROL - U04,1,1351019,RENZO,RONCAT,,,1959,BOLZANO,M
,,NA1,ITALIA,CI21,TRENTINO-ALTO ADIGE/SDTIROL,CU2104,TRENTINO-ALTO ADIGE/SDTIROL - U04,2,1353269,HANNES,LOACKER,,,1971,BOLZANO,M
,,NA1,ITALIA,CI21,TRENTINO-ALTO ADIGE/SDTIROL,CU2104,TRENTINO-ALTO ADIGE/SDTIROL - U04,3,1351032,STEFANIA,GANDER,,,1969,CERMES,F
,,NA1,ITALIA,CI21,TRENTINO-ALTO ADIGE/SDTIROL,CU2104,TRENTINO-ALTO ADIGE/SDTIROL - U04,4,1348476,MANFRED,MAYR,,,1965,BOLZANO,M
,,NA1,ITALIA,CI21,TRENTINO-ALTO ADIGE/SDTIROL,CU2104,TRENTINO-ALTO ADIGE/SDTIROL - U04,5,1354278,LUIGI,SPAGNOLLI,,,1960,BOLZANO,M
,,NA1,ITALIA,CI21,TRENTINO-ALTO ADIGE/SDTIROL,CU2104,TRENTINO-ALTO ADIGE/SDTIROL - U04,6,1348257,IVO,FIORENZA,,,1970,RHO,M
,,NA1,ITALIA,CI21,TRENTINO-ALTO ADIGE/SDTIROL,CU2104,TRENTINO-ALTO ADIGE/SDTIROL - U04,7,1350997,MICHELANGELO,ZANGHI,,,1957,COLLEFERRO,M
,,NA1,ITALIA,CI21,TRENTINO-ALTO ADIGE/SDTIROL,CU2104,TRENTINO-ALTO ADIGE/SDTIROL - U04,8,1350801,MAURIZIO,BOSATRA,,,1971,PAVIA,M
,,NA1,ITALIA,CI21,TRENTINO-ALTO ADIGE/SDTIROL,CU2104,TRENTINO-ALTO ADIGE/SDTIROL - U04,9,1348568,OTTO,MAHLKNECHT,,,1971,BOLZANO,M
,,NA1,ITALIA,CI21,TRENTINO-ALTO ADIGE/SDTIROL,CU2105,TRENTINO-ALTO ADIGE/SDTIROL - U05,1,1352725,DANIELA,ROSSI,,,1957,PESARO,F
,,NA1,ITALIA,CI21,TRENTINO-ALTO ADIGE/SDTIROL,CU2105,TRENTINO-ALTO ADIGE/SDTIROL - U05,2,1350896,MARLENE,MESSNER,,,1965,BRESSANONE,F
,,NA1,ITALIA,CI21,TRENTINO-ALTO ADIGE/SDTIROL,CU2105,TRENTINO-ALTO ADIGE/SDTIROL - U05,3,1351024,FRANCESCA,MORRONE,,,1973,TARANTO,F
,,NA1,ITALIA,CI21,TRENTINO-ALTO ADIGE/SDTIROL,CU2105,TRENTINO-ALTO ADIGE/SDTIROL - U05,4,1353399,SUSANNA,SINGER,,,1966,MERANO,F
,,NA1,ITALIA,CI21,TRENTINO-ALTO ADIGE/SDTIROL,CU2105,TRENTINO-ALTO ADIGE/SDTIROL - U05,5,1351033,GIOVANNA,VALENTINI,,,1964,BOLZANO,F
,,NA1,ITALIA,CI21,TRENTINO-ALTO ADIGE/SDTIROL,CU2105,TRENTINO-ALTO ADIGE/SDTIROL - U05,6,1348680,JULIANE,UNTERBERGER,,,1962,MERANO,F
,,NA1,ITALIA,CI21,TRENTINO-ALTO ADIGE/SDTIROL,CU2105,TRENTINO-ALTO ADIGE/SDTIROL - U05,7,1350402,MARKUS,HAFNER,,,1958,MALLES VENOSTA,M
,,NA1,ITALIA,CI21,TRENTINO-ALTO ADIGE/SDTIROL,CU2105,TRENTINO-ALTO ADIGE/SDTIROL - U05,8,1350719,RITA,MATTEI,,,1958,MERANO,F
,,NA1,ITALIA,CI21,TRENTINO-ALTO ADIGE/SDTIROL,CU2105,TRENTINO-ALTO ADIGE/SDTIROL - U05,9,1348611,SABINE,ZODERER,,,1979,MERANO,F
,,NA1,ITALIA,CI21,TRENTINO-ALTO ADIGE/SDTIROL,CU2106,TRENTINO-ALTO ADIGE/SDTIROL - U06,1,1352734,RENATE,PRADER,,,1973,BRESSANONE,F
,,NA1,ITALIA,CI21,TRENTINO-ALTO ADIGE/SDTIROL,CU2106,TRENTINO-ALTO ADIGE/SDTIROL - U06,2,1350905,HANS,HEISS,,,1952,BRESSANONE,M
,,NA1,ITALIA,CI21,TRENTINO-ALTO ADIGE/SDTIROL,CU2106,TRENTINO-ALTO ADIGE/SDTIROL - U06,3,1351028,MARKUS,FALK,,,1967,WIESBADEN (GERMANIA),M
,,NA1,ITALIA,CI21,TRENTINO-ALTO ADIGE/SDTIROL,CU2106,TRENTINO-ALTO ADIGE/SDTIROL - U06,4,1353416,RUDOLF,SCHOEPF,,,1958,SILANDRO,M
,,NA1,ITALIA,CI21,TRENTINO-ALTO ADIGE/SDTIROL,CU2106,TRENTINO-ALTO ADIGE/SDTIROL - U06,5,1351034,MASSIMO,RAPI,,,1974,FIRENZE,M
,,NA1,ITALIA,CI21,TRENTINO-ALTO ADIGE/SDTIROL,CU2106,TRENTINO-ALTO ADIGE/SDTIROL - U06,6,1348601,MEINHARD,DURNWALDER,,,1976,BRUNICO,M
,,NA1,ITALIA,CI21,TRENTINO-ALTO ADIGE/SDTIROL,CU2106,TRENTINO-ALTO ADIGE/SDTIROL - U06,7,1350499,MONIKA,SENFTER,,,1972,SAN CANDIDO,F
,,NA1,ITALIA,CI21,TRENTINO-ALTO ADIGE/SDTIROL,CU2106,TRENTINO-ALTO ADIGE/SDTIROL - U06,8,1350817,ANDREA,CAUSIN,,,1972,VENEZIA,M
,,NA1,ITALIA,CI21,TRENTINO-ALTO ADIGE/SDTIROL,CU2106,TRENTINO-ALTO ADIGE/SDTIROL - U06,9,1348791,ULLI,MAIR,,,1974,BOLZANO,F
