CR_CP,r_pos,voti,perc,sg_ass_uni,sg_ass_prop,l_pos,pos,desc_lis,img_lis
01-011,1,57284,9.71,0,,0,18,AZIONE - ITALIA VIVA - CALENDA,2-20220925000000-18.png
01-011,8,9003,1.53,0,,0,1,ITALIA SOVRANA E POPOLARE,2-20220925000000-1.png
01-011,13,5022,0.85,0,,0,6,VITA,2-20220925000000-6.png
01-011,17,143797,24.38,1,,0,13,PARTITO DEMOCRATICO - ITALIA DEMOCRATICA E PROGRESSISTA,2-20220925000000-13.png
01-011,17,33626,5.70,1,,1,17,ALLEANZA VERDI E SINISTRA,2-20220925000000-17.png
01-011,17,29461,5.00,1,,2,16,+EUROPA,2-20220925000000-16.png
01-011,17,2768,0.47,1,,3,9,IMPEGNO CIVICO LUIGI DI MAIO - CENTRO DEMOCRATICO,2-20220925000000-9.png
01-011,21,9691,1.64,0,,0,5,UNIONE POPOLARE CON DE MAGISTRIS,2-20220925000000-5.png
01-011,22,128357,21.77,2,,0,14,FRATELLI D'ITALIA CON GIORGIA MELONI,2-20220925000000-14.png
01-011,22,43515,7.38,2,,1,12,LEGA PER SALVINI PREMIER,2-20220925000000-12.png
01-011,22,34980,5.93,2,,2,11,FORZA ITALIA,2-20220925000000-11.png
01-011,22,3076,0.52,2,,3,19,NOI MODERATI/LUPI - TOTI - BRUGNARO - UDC,2-20220925000000-19.png
01-011,25,76427,12.96,0,,0,3,MOVIMENTO 5 STELLE,2-20220925000000-3.png
01-011,34,12707,2.15,0,,0,2,ITALEXIT PER L'ITALIA,2-20220925000000-2.png
01-012,1,40401,8.20,0,,0,18,AZIONE - ITALIA VIVA - CALENDA,2-20220925000000-18.png
01-012,8,7857,1.60,0,,0,1,ITALIA SOVRANA E POPOLARE,2-20220925000000-1.png
01-012,13,5427,1.10,0,,0,6,VITA,2-20220925000000-6.png
01-012,17,95113,19.31,0,,0,13,PARTITO DEMOCRATICO - ITALIA DEMOCRATICA E PROGRESSISTA,2-20220925000000-13.png
01-012,17,20065,4.07,0,,1,16,+EUROPA,2-20220925000000-16.png
01-012,17,19831,4.03,0,,2,17,ALLEANZA VERDI E SINISTRA,2-20220925000000-17.png
01-012,17,2334,0.47,0,,3,9,IMPEGNO CIVICO LUIGI DI MAIO - CENTRO DEMOCRATICO,2-20220925000000-9.png
01-012,21,8220,1.67,0,,0,5,UNIONE POPOLARE CON DE MAGISTRIS,2-20220925000000-5.png
01-012,22,130072,26.41,1,,0,14,FRATELLI D'ITALIA CON GIORGIA MELONI,2-20220925000000-14.png
01-012,22,48961,9.94,1,,1,12,LEGA PER SALVINI PREMIER,2-20220925000000-12.png
01-012,22,38969,7.91,1,,2,11,FORZA ITALIA,2-20220925000000-11.png
01-012,22,3257,0.66,1,,3,19,NOI MODERATI/LUPI - TOTI - BRUGNARO - UDC,2-20220925000000-19.png
01-012,25,58851,11.95,0,,0,3,MOVIMENTO 5 STELLE,2-20220925000000-3.png
01-012,34,13169,2.67,0,,0,2,ITALEXIT PER L'ITALIA,2-20220925000000-2.png
02-021,1,36363,8.60,0,,0,18,AZIONE - ITALIA VIVA - CALENDA,2-20220925000000-18.png
02-021,8,7037,1.66,0,,0,1,ITALIA SOVRANA E POPOLARE,2-20220925000000-1.png
02-021,17,74487,17.62,0,,0,13,PARTITO DEMOCRATICO - ITALIA DEMOCRATICA E PROGRESSISTA,2-20220925000000-13.png
02-021,17,14288,3.38,0,,1,16,+EUROPA,2-20220925000000-16.png
02-021,17,13634,3.23,0,,2,17,ALLEANZA VERDI E SINISTRA,2-20220925000000-17.png
02-021,17,2060,0.49,0,,3,9,IMPEGNO CIVICO LUIGI DI MAIO - CENTRO DEMOCRATICO,2-20220925000000-9.png
02-021,21,4452,1.05,0,,0,5,UNIONE POPOLARE CON DE MAGISTRIS,2-20220925000000-5.png
02-021,22,130742,30.93,2,,0,14,FRATELLI D'ITALIA CON GIORGIA MELONI,2-20220925000000-14.png
02-021,22,54883,12.98,2,,1,12,LEGA PER SALVINI PREMIER,2-20220925000000-12.png
02-021,22,36736,8.69,2,,2,11,FORZA ITALIA,2-20220925000000-11.png
02-021,22,2387,0.56,2,,3,19,NOI MODERATI/LUPI - TOTI - BRUGNARO - UDC,2-20220925000000-19.png
02-021,25,34540,8.17,0,,0,3,MOVIMENTO 5 STELLE,2-20220925000000-3.png
02-021,34,11147,2.64,0,,0,2,ITALEXIT PER L'ITALIA,2-20220925000000-2.png
02-022,1,50960,8.69,0,,0,18,AZIONE - ITALIA VIVA - CALENDA,2-20220925000000-18.png
02-022,8,9423,1.61,0,,0,1,ITALIA SOVRANA E POPOLARE,2-20220925000000-1.png
02-022,17,103916,17.71,0,,0,13,PARTITO DEMOCRATICO - ITALIA DEMOCRATICA E PROGRESSISTA,2-20220925000000-13.png
02-022,17,21571,3.68,0,,1,16,+EUROPA,2-20220925000000-16.png
02-022,17,17697,3.02,0,,2,17,ALLEANZA VERDI E SINISTRA,2-20220925000000-17.png
02-022,17,2455,0.42,0,,3,9,IMPEGNO CIVICO LUIGI DI MAIO - CENTRO DEMOCRATICO,2-20220925000000-9.png
02-022,21,7060,1.20,0,,0,5,UNIONE POPOLARE CON DE MAGISTRIS,2-20220925000000-5.png
02-022,22,176176,30.03,3,,0,14,FRATELLI D'ITALIA CON GIORGIA MELONI,2-20220925000000-14.png
02-022,22,76184,12.99,3,,1,12,LEGA PER SALVINI PREMIER,2-20220925000000-12.png
02-022,22,54392,9.27,3,,2,11,FORZA ITALIA,2-20220925000000-11.png
02-022,22,4173,0.71,3,,3,19,NOI MODERATI/LUPI - TOTI - BRUGNARO - UDC,2-20220925000000-19.png
02-022,25,47333,8.07,0,,0,3,MOVIMENTO 5 STELLE,2-20220925000000-3.png
02-022,34,15346,2.62,0,,0,2,ITALEXIT PER L'ITALIA,2-20220925000000-2.png
03-031,1,137345,13.24,0,,0,18,AZIONE - ITALIA VIVA - CALENDA,2-20220925000000-18.png
03-031,8,11336,1.09,0,,0,1,ITALIA SOVRANA E POPOLARE,2-20220925000000-1.png
03-031,9,860,0.08,0,,0,8,MASTELLA NOI DI CENTRO EUROPEISTI,2-20220925000000-8.png
03-031,13,5491,0.53,0,,0,6,VITA,2-20220925000000-6.png
03-031,17,238206,22.97,2,,0,13,PARTITO DEMOCRATICO - ITALIA DEMOCRATICA E PROGRESSISTA,2-20220925000000-13.png
03-031,17,54897,5.29,2,,1,17,ALLEANZA VERDI E SINISTRA,2-20220925000000-17.png
03-031,17,48845,4.71,2,,2,16,+EUROPA,2-20220925000000-16.png
03-031,17,4340,0.42,2,,3,9,IMPEGNO CIVICO LUIGI DI MAIO - CENTRO DEMOCRATICO,2-20220925000000-9.png
03-031,21,14907,1.44,0,,0,5,UNIONE POPOLARE CON DE MAGISTRIS,2-20220925000000-5.png
03-031,22,247008,23.82,3,,0,14,FRATELLI D'ITALIA CON GIORGIA MELONI,2-20220925000000-14.png
03-031,22,89119,8.59,3,,1,12,LEGA PER SALVINI PREMIER,2-20220925000000-12.png
03-031,22,68093,6.57,3,,2,11,FORZA ITALIA,2-20220925000000-11.png
03-031,22,11750,1.13,3,,3,19,NOI MODERATI/LUPI - TOTI - BRUGNARO - UDC,2-20220925000000-19.png
03-031,25,87527,8.44,0,,0,3,MOVIMENTO 5 STELLE,2-20220925000000-3.png
03-031,34,17464,1.68,0,,0,2,ITALEXIT PER L'ITALIA,2-20220925000000-2.png
03-032,1,94957,10.08,0,,0,18,AZIONE - ITALIA VIVA - CALENDA,2-20220925000000-18.png
03-032,8,10608,1.13,0,,0,1,ITALIA SOVRANA E POPOLARE,2-20220925000000-1.png
03-032,9,782,0.08,0,,0,8,MASTELLA NOI DI CENTRO EUROPEISTI,2-20220925000000-8.png
03-032,13,6190,0.66,0,,0,6,VITA,2-20220925000000-6.png
03-032,17,193917,20.58,0,,0,13,PARTITO DEMOCRATICO - ITALIA DEMOCRATICA E PROGRESSISTA,2-20220925000000-13.png
03-032,17,37517,3.98,0,,1,17,ALLEANZA VERDI E SINISTRA,2-20220925000000-17.png
03-032,17,35449,3.76,0,,2,16,+EUROPA,2-20220925000000-16.png
03-032,17,4054,0.43,0,,3,9,IMPEGNO CIVICO LUIGI DI MAIO - CENTRO DEMOCRATICO,2-20220925000000-9.png
03-032,21,10984,1.17,0,,0,5,UNIONE POPOLARE CON DE MAGISTRIS,2-20220925000000-5.png
03-032,22,245290,26.03,2,,0,14,FRATELLI D'ITALIA CON GIORGIA MELONI,2-20220925000000-14.png
03-032,22,108249,11.49,2,,1,12,LEGA PER SALVINI PREMIER,2-20220925000000-12.png
03-032,22,78345,8.32,2,,2,11,FORZA ITALIA,2-20220925000000-11.png
03-032,22,9121,0.97,2,,3,19,NOI MODERATI/LUPI - TOTI - BRUGNARO - UDC,2-20220925000000-19.png
03-032,25,88524,9.40,0,,0,3,MOVIMENTO 5 STELLE,2-20220925000000-3.png
03-032,34,18213,1.93,0,,0,2,ITALEXIT PER L'ITALIA,2-20220925000000-2.png
04-041,1,42752,9.87,0,,0,18,AZIONE - ITALIA VIVA - CALENDA,2-20220925000000-18.png
04-041,8,5180,1.20,0,,0,1,ITALIA SOVRANA E POPOLARE,2-20220925000000-1.png
04-041,9,637,0.15,0,,0,8,MASTELLA NOI DI CENTRO EUROPEISTI,2-20220925000000-8.png
04-041,13,3143,0.73,0,,0,6,VITA,2-20220925000000-6.png
04-041,17,70112,16.18,0,,0,13,PARTITO DEMOCRATICO - ITALIA DEMOCRATICA E PROGRESSISTA,2-20220925000000-13.png
04-041,17,15377,3.55,0,,1,16,+EUROPA,2-20220925000000-16.png
04-041,17,14822,3.42,0,,2,17,ALLEANZA VERDI E SINISTRA,2-20220925000000-17.png
04-041,17,1795,0.41,0,,3,9,IMPEGNO CIVICO LUIGI DI MAIO - CENTRO DEMOCRATICO,2-20220925000000-9.png
04-041,21,3821,0.88,0,,0,5,UNIONE POPOLARE CON DE MAGISTRIS,2-20220925000000-5.png
04-041,22,129487,29.89,1,,0,14,FRATELLI D'ITALIA CON GIORGIA MELONI,2-20220925000000-14.png
04-041,22,63981,14.77,1,,1,12,LEGA PER SALVINI PREMIER,2-20220925000000-12.png
04-041,22,34566,7.98,1,,2,11,FORZA ITALIA,2-20220925000000-11.png
04-041,22,5253,1.21,1,,3,19,NOI MODERATI/LUPI - TOTI - BRUGNARO - UDC,2-20220925000000-19.png
04-041,25,32763,7.56,0,,0,3,MOVIMENTO 5 STELLE,2-20220925000000-3.png
04-041,34,9529,2.20,0,,0,2,ITALEXIT PER L'ITALIA,2-20220925000000-2.png
04-042,1,63471,9.98,0,,0,18,AZIONE - ITALIA VIVA - CALENDA,2-20220925000000-18.png
04-042,8,6878,1.08,0,,0,1,ITALIA SOVRANA E POPOLARE,2-20220925000000-1.png
04-042,9,751,0.12,0,,0,8,MASTELLA NOI DI CENTRO EUROPEISTI,2-20220925000000-8.png
04-042,13,5851,0.92,0,,0,6,VITA,2-20220925000000-6.png
04-042,17,100595,15.82,0,,0,13,PARTITO DEMOCRATICO - ITALIA DEMOCRATICA E PROGRESSISTA,2-20220925000000-13.png
04-042,17,21741,3.42,0,,1,17,ALLEANZA VERDI E SINISTRA,2-20220925000000-17.png
04-042,17,21168,3.33,0,,2,16,+EUROPA,2-20220925000000-16.png
04-042,17,1850,0.29,0,,3,9,IMPEGNO CIVICO LUIGI DI MAIO - CENTRO DEMOCRATICO,2-20220925000000-9.png
04-042,21,6050,0.95,0,,0,5,UNIONE POPOLARE CON DE MAGISTRIS,2-20220925000000-5.png
04-042,22,194762,30.62,3,,0,14,FRATELLI D'ITALIA CON GIORGIA MELONI,2-20220925000000-14.png
04-042,22,103202,16.23,3,,1,12,LEGA PER SALVINI PREMIER,2-20220925000000-12.png
04-042,22,54343,8.54,3,,2,11,FORZA ITALIA,2-20220925000000-11.png
04-042,22,5951,0.94,3,,3,19,NOI MODERATI/LUPI - TOTI - BRUGNARO - UDC,2-20220925000000-19.png
04-042,25,37468,5.89,0,,0,3,MOVIMENTO 5 STELLE,2-20220925000000-3.png
04-042,34,11884,1.87,0,,0,2,ITALEXIT PER L'ITALIA,2-20220925000000-2.png
05-051,1,51863,9.91,0,,0,18,AZIONE - ITALIA VIVA - CALENDA,2-20220925000000-18.png
05-051,8,5113,0.98,0,,0,1,ITALIA SOVRANA E POPOLARE,2-20220925000000-1.png
05-051,9,491,0.09,0,,0,8,MASTELLA NOI DI CENTRO EUROPEISTI,2-20220925000000-8.png
05-051,13,5670,1.08,0,,0,6,VITA,2-20220925000000-6.png
05-051,17,87203,16.66,0,,0,13,PARTITO DEMOCRATICO - ITALIA DEMOCRATICA E PROGRESSISTA,2-20220925000000-13.png
05-051,17,18258,3.49,0,,1,17,ALLEANZA VERDI E SINISTRA,2-20220925000000-17.png
05-051,17,16167,3.09,0,,2,16,+EUROPA,2-20220925000000-16.png
05-051,17,1532,0.29,0,,3,9,IMPEGNO CIVICO LUIGI DI MAIO - CENTRO DEMOCRATICO,2-20220925000000-9.png
05-051,21,5541,1.06,0,,0,5,UNIONE POPOLARE CON DE MAGISTRIS,2-20220925000000-5.png
05-051,22,161362,30.82,2,,0,14,FRATELLI D'ITALIA CON GIORGIA MELONI,2-20220925000000-14.png
05-051,22,88682,16.94,2,,1,12,LEGA PER SALVINI PREMIER,2-20220925000000-12.png
05-051,22,40991,7.83,2,,2,11,FORZA ITALIA,2-20220925000000-11.png
05-051,22,3587,0.69,2,,3,19,NOI MODERATI/LUPI - TOTI - BRUGNARO - UDC,2-20220925000000-19.png
05-051,25,28425,5.43,0,,0,3,MOVIMENTO 5 STELLE,2-20220925000000-3.png
05-051,34,8696,1.66,0,,0,2,ITALEXIT PER L'ITALIA,2-20220925000000-2.png
05-052,1,61137,9.51,0,,0,18,AZIONE - ITALIA VIVA - CALENDA,2-20220925000000-18.png
05-052,8,6090,0.95,0,,0,1,ITALIA SOVRANA E POPOLARE,2-20220925000000-1.png
05-052,9,790,0.12,0,,0,8,MASTELLA NOI DI CENTRO EUROPEISTI,2-20220925000000-8.png
05-052,13,5417,0.84,0,,0,6,VITA,2-20220925000000-6.png
05-052,17,108760,16.92,0,,0,13,PARTITO DEMOCRATICO - ITALIA DEMOCRATICA E PROGRESSISTA,2-20220925000000-13.png
05-052,17,20887,3.25,0,,1,17,ALLEANZA VERDI E SINISTRA,2-20220925000000-17.png
05-052,17,17749,2.76,0,,2,16,+EUROPA,2-20220925000000-16.png
05-052,17,2032,0.32,0,,3,9,IMPEGNO CIVICO LUIGI DI MAIO - CENTRO DEMOCRATICO,2-20220925000000-9.png
05-052,21,6801,1.06,0,,0,5,UNIONE POPOLARE CON DE MAGISTRIS,2-20220925000000-5.png
05-052,22,205425,31.97,3,,0,14,FRATELLI D'ITALIA CON GIORGIA MELONI,2-20220925000000-14.png
05-052,22,102033,15.88,3,,1,12,LEGA PER SALVINI PREMIER,2-20220925000000-12.png
05-052,22,50674,7.89,3,,2,11,FORZA ITALIA,2-20220925000000-11.png
05-052,22,4838,0.75,3,,3,19,NOI MODERATI/LUPI - TOTI - BRUGNARO - UDC,2-20220925000000-19.png
05-052,25,39114,6.09,0,,0,3,MOVIMENTO 5 STELLE,2-20220925000000-3.png
05-052,34,10861,1.69,0,,0,2,ITALEXIT PER L'ITALIA,2-20220925000000-2.png
06-061,1,64862,8.01,0,,0,18,AZIONE - ITALIA VIVA - CALENDA,2-20220925000000-18.png
06-061,8,8517,1.05,0,,0,1,ITALIA SOVRANA E POPOLARE,2-20220925000000-1.png
06-061,9,664,0.08,0,,0,8,MASTELLA NOI DI CENTRO EUROPEISTI,2-20220925000000-8.png
06-061,13,5211,0.64,0,,0,6,VITA,2-20220925000000-6.png
06-061,17,155366,19.19,0,,0,13,PARTITO DEMOCRATICO - ITALIA DEMOCRATICA E PROGRESSISTA,2-20220925000000-13.png
06-061,17,23407,2.89,0,,1,17,ALLEANZA VERDI E SINISTRA,2-20220925000000-17.png
06-061,17,22089,2.73,0,,2,16,+EUROPA,2-20220925000000-16.png
06-061,17,3405,0.42,0,,3,9,IMPEGNO CIVICO LUIGI DI MAIO - CENTRO DEMOCRATICO,2-20220925000000-9.png
06-061,21,8672,1.07,0,,0,5,UNIONE POPOLARE CON DE MAGISTRIS,2-20220925000000-5.png
06-061,22,249999,30.89,3,,0,14,FRATELLI D'ITALIA CON GIORGIA MELONI,2-20220925000000-14.png
06-061,22,111795,13.81,3,,1,12,LEGA PER SALVINI PREMIER,2-20220925000000-12.png
06-061,22,68704,8.49,3,,2,11,FORZA ITALIA,2-20220925000000-11.png
06-061,22,5859,0.72,3,,3,19,NOI MODERATI/LUPI - TOTI - BRUGNARO - UDC,2-20220925000000-19.png
06-061,25,61400,7.59,0,,0,3,MOVIMENTO 5 STELLE,2-20220925000000-3.png
06-061,28,2105,0.26,0,,0,7,ALTERNATIVA PER L'ITALIA - NO GREEN PASS,2-20220925000000-7.png
06-061,34,16555,2.05,0,,0,2,ITALEXIT PER L'ITALIA,2-20220925000000-2.png
06-061,51,818,0.10,0,,0,4,FREE,2-20220925000000-4.png
07-071,1,77361,8.04,0,,0,18,AZIONE - ITALIA VIVA - CALENDA,2-20220925000000-18.png
07-071,8,11301,1.17,0,,0,1,ITALIA SOVRANA E POPOLARE,2-20220925000000-1.png
07-071,13,17291,1.80,0,,0,6,VITA,2-20220925000000-6.png
07-071,17,161814,16.81,0,,0,13,PARTITO DEMOCRATICO - ITALIA DEMOCRATICA E PROGRESSISTA,2-20220925000000-13.png
07-071,17,34246,3.56,0,,1,17,ALLEANZA VERDI E SINISTRA,2-20220925000000-17.png
07-071,17,30545,3.17,0,,2,16,+EUROPA,2-20220925000000-16.png
07-071,17,3265,0.34,0,,3,9,IMPEGNO CIVICO LUIGI DI MAIO - CENTRO DEMOCRATICO,2-20220925000000-9.png
07-071,21,9696,1.01,0,,0,5,UNIONE POPOLARE CON DE MAGISTRIS,2-20220925000000-5.png
07-071,22,308661,32.07,4,,0,14,FRATELLI D'ITALIA CON GIORGIA MELONI,2-20220925000000-14.png
07-071,22,138756,14.42,4,,1,12,LEGA PER SALVINI PREMIER,2-20220925000000-12.png
07-071,22,60229,6.26,4,,2,11,FORZA ITALIA,2-20220925000000-11.png
07-071,22,23897,2.48,4,,3,19,NOI MODERATI/LUPI - TOTI - BRUGNARO - UDC,2-20220925000000-19.png
07-071,25,57976,6.02,0,,0,3,MOVIMENTO 5 STELLE,2-20220925000000-3.png
07-071,28,3711,0.39,0,,0,7,ALTERNATIVA PER L'ITALIA - NO GREEN PASS,2-20220925000000-7.png
07-071,34,23714,2.46,0,,0,2,ITALEXIT PER L'ITALIA,2-20220925000000-2.png
08-081,1,51772,8.39,0,,0,18,AZIONE - ITALIA VIVA - CALENDA,2-20220925000000-18.png
08-081,8,6321,1.02,0,,0,1,ITALIA SOVRANA E POPOLARE,2-20220925000000-1.png
08-081,13,10973,1.78,0,,0,6,VITA,2-20220925000000-6.png
08-081,17,107570,17.44,0,,0,13,PARTITO DEMOCRATICO - ITALIA DEMOCRATICA E PROGRESSISTA,2-20220925000000-13.png
08-081,17,18961,3.07,0,,1,17,ALLEANZA VERDI E SINISTRA,2-20220925000000-17.png
08-081,17,18381,2.98,0,,2,16,+EUROPA,2-20220925000000-16.png
08-081,17,2427,0.39,0,,3,9,IMPEGNO CIVICO LUIGI DI MAIO - CENTRO DEMOCRATICO,2-20220925000000-9.png
08-081,21,6213,1.01,0,,0,5,UNIONE POPOLARE CON DE MAGISTRIS,2-20220925000000-5.png
08-081,22,198246,32.14,3,,0,14,FRATELLI D'ITALIA CON GIORGIA MELONI,2-20220925000000-14.png
08-081,22,87572,14.20,3,,1,12,LEGA PER SALVINI PREMIER,2-20220925000000-12.png
08-081,22,43211,7.01,3,,2,11,FORZA ITALIA,2-20220925000000-11.png
08-081,22,13504,2.19,3,,3,19,NOI MODERATI/LUPI - TOTI - BRUGNARO - UDC,2-20220925000000-19.png
08-081,25,36859,5.98,0,,0,3,MOVIMENTO 5 STELLE,2-20220925000000-3.png
08-081,34,14841,2.41,0,,0,2,ITALEXIT PER L'ITALIA,2-20220925000000-2.png
08-082,1,40062,8.89,0,,0,18,AZIONE - ITALIA VIVA - CALENDA,2-20220925000000-18.png
08-082,8,4878,1.08,0,,0,1,ITALIA SOVRANA E POPOLARE,2-20220925000000-1.png
08-082,13,9615,2.13,0,,0,6,VITA,2-20220925000000-6.png
08-082,17,69384,15.39,0,,0,13,PARTITO DEMOCRATICO - ITALIA DEMOCRATICA E PROGRESSISTA,2-20220925000000-13.png
08-082,17,15280,3.39,0,,1,17,ALLEANZA VERDI E SINISTRA,2-20220925000000-17.png
08-082,17,13681,3.04,0,,2,16,+EUROPA,2-20220925000000-16.png
08-082,17,1404,0.31,0,,3,9,IMPEGNO CIVICO LUIGI DI MAIO - CENTRO DEMOCRATICO,2-20220925000000-9.png
08-082,21,4454,0.99,0,,0,5,UNIONE POPOLARE CON DE MAGISTRIS,2-20220925000000-5.png
08-082,22,146285,32.46,2,,0,14,FRATELLI D'ITALIA CON GIORGIA MELONI,2-20220925000000-14.png
08-082,22,73017,16.20,2,,1,12,LEGA PER SALVINI PREMIER,2-20220925000000-12.png
08-082,22,29262,6.49,2,,2,11,FORZA ITALIA,2-20220925000000-11.png
08-082,22,7773,1.72,2,,3,19,NOI MODERATI/LUPI - TOTI - BRUGNARO - UDC,2-20220925000000-19.png
08-082,25,23427,5.20,0,,0,3,MOVIMENTO 5 STELLE,2-20220925000000-3.png
08-082,34,12207,2.71,0,,0,2,ITALEXIT PER L'ITALIA,2-20220925000000-2.png
08-083,1,40490,8.57,0,,0,18,AZIONE - ITALIA VIVA - CALENDA,2-20220925000000-18.png
08-083,8,5274,1.12,0,,0,1,ITALIA SOVRANA E POPOLARE,2-20220925000000-1.png
08-083,13,6416,1.36,0,,0,6,VITA,2-20220925000000-6.png
08-083,17,68749,14.56,0,,0,13,PARTITO DEMOCRATICO - ITALIA DEMOCRATICA E PROGRESSISTA,2-20220925000000-13.png
08-083,17,14655,3.10,0,,1,17,ALLEANZA VERDI E SINISTRA,2-20220925000000-17.png
08-083,17,14330,3.03,0,,2,16,+EUROPA,2-20220925000000-16.png
08-083,17,1617,0.34,0,,3,9,IMPEGNO CIVICO LUIGI DI MAIO - CENTRO DEMOCRATICO,2-20220925000000-9.png
08-083,21,4183,0.89,0,,0,5,UNIONE POPOLARE CON DE MAGISTRIS,2-20220925000000-5.png
08-083,22,165389,35.02,2,,0,14,FRATELLI D'ITALIA CON GIORGIA MELONI,2-20220925000000-14.png
08-083,22,64397,13.63,2,,1,12,LEGA PER SALVINI PREMIER,2-20220925000000-12.png
08-083,22,41787,8.85,2,,2,11,FORZA ITALIA,2-20220925000000-11.png
08-083,22,5923,1.25,2,,3,19,NOI MODERATI/LUPI - TOTI - BRUGNARO - UDC,2-20220925000000-19.png
08-083,25,27449,5.81,0,,0,3,MOVIMENTO 5 STELLE,2-20220925000000-3.png
08-083,34,11640,2.46,0,,0,2,ITALEXIT PER L'ITALIA,2-20220925000000-2.png
09-091,1,51624,8.72,0,,0,18,AZIONE - ITALIA VIVA - CALENDA,2-20220925000000-18.png
09-091,8,11419,1.93,0,,0,1,ITALIA SOVRANA E POPOLARE,2-20220925000000-1.png
09-091,9,726,0.12,0,,0,8,MASTELLA NOI DI CENTRO EUROPEISTI,2-20220925000000-8.png
09-091,13,8857,1.50,0,,0,6,VITA,2-20220925000000-6.png
09-091,17,108870,18.40,0,,0,13,PARTITO DEMOCRATICO - ITALIA DEMOCRATICA E PROGRESSISTA,2-20220925000000-13.png
09-091,17,21986,3.72,0,,1,17,ALLEANZA VERDI E SINISTRA,2-20220925000000-17-A.png
09-091,17,19288,3.26,0,,2,16,+EUROPA,2-20220925000000-16.png
09-091,17,2256,0.38,0,,3,9,IMPEGNO CIVICO LUIGI DI MAIO - CENTRO DEMOCRATICO,2-20220925000000-9.png
09-091,21,7734,1.31,0,,0,5,UNIONE POPOLARE CON DE MAGISTRIS,2-20220925000000-5.png
09-091,22,185234,31.30,3,,0,14,FRATELLI D'ITALIA CON GIORGIA MELONI,2-20220925000000-14.png
09-091,22,64806,10.95,3,,1,12,LEGA PER SALVINI PREMIER,2-20220925000000-12.png
09-091,22,39599,6.69,3,,2,11,FORZA ITALIA,2-20220925000000-11.png
09-091,22,5518,0.93,3,,3,19,NOI MODERATI/LUPI - TOTI - BRUGNARO - UDC,2-20220925000000-19.png
09-091,25,42575,7.19,0,,0,3,MOVIMENTO 5 STELLE,2-20220925000000-3.png
09-091,28,2342,0.40,0,,0,7,ALTERNATIVA PER L'ITALIA - NO GREEN PASS,2-20220925000000-7.png
09-091,34,18966,3.20,0,,0,2,ITALEXIT PER L'ITALIA,2-20220925000000-2.png
10-101,1,53253,7.36,0,,0,18,AZIONE - ITALIA VIVA - CALENDA,2-20220925000000-18.png
10-101,8,11932,1.65,0,,0,1,ITALIA SOVRANA E POPOLARE,2-20220925000000-1.png
10-101,9,724,0.10,0,,0,8,MASTELLA NOI DI CENTRO EUROPEISTI,2-20220925000000-8.png
10-101,13,6117,0.85,0,,0,6,VITA,2-20220925000000-6.png
10-101,17,162689,22.49,0,,0,13,PARTITO DEMOCRATICO - ITALIA DEMOCRATICA E PROGRESSISTA,2-20220925000000-13.png
10-101,17,31249,4.32,0,,1,17,ALLEANZA VERDI E SINISTRA,2-20220925000000-17.png
10-101,17,24103,3.33,0,,2,16,+EUROPA,2-20220925000000-16.png
10-101,17,3397,0.47,0,,3,9,IMPEGNO CIVICO LUIGI DI MAIO - CENTRO DEMOCRATICO,2-20220925000000-9.png
10-101,21,12558,1.74,0,,0,5,UNIONE POPOLARE CON DE MAGISTRIS,2-20220925000000-5.png
10-101,22,176324,24.37,3,,0,14,FRATELLI D'ITALIA CON GIORGIA MELONI,2-20220925000000-14.png
10-101,22,67509,9.33,3,,1,12,LEGA PER SALVINI PREMIER,2-20220925000000-12.png
10-101,22,46799,6.47,3,,2,11,FORZA ITALIA,2-20220925000000-11.png
10-101,22,15365,2.12,3,,3,19,NOI MODERATI/LUPI - TOTI - BRUGNARO - UDC,2-20220925000000-19.png
10-101,25,92426,12.78,0,,0,3,MOVIMENTO 5 STELLE,2-20220925000000-3.png
10-101,34,18938,2.62,0,,0,2,ITALEXIT PER L'ITALIA,2-20220925000000-2.png
11-111,1,53155,8.63,0,,0,18,AZIONE - ITALIA VIVA - CALENDA,2-20220925000000-18.png
11-111,8,8738,1.42,0,,0,1,ITALIA SOVRANA E POPOLARE,2-20220925000000-1.png
11-111,9,628,0.10,0,,0,8,MASTELLA NOI DI CENTRO EUROPEISTI,2-20220925000000-8.png
11-111,13,5371,0.87,0,,0,6,VITA,2-20220925000000-6.png
11-111,16,711,0.12,0,,0,15,SUD CHIAMA NORD,2-20220925000000-15.png
11-111,17,155476,25.24,1,,0,13,PARTITO DEMOCRATICO - ITALIA DEMOCRATICA E PROGRESSISTA,2-20220925000000-13.png
11-111,17,26113,4.24,1,,1,17,ALLEANZA VERDI E SINISTRA,2-20220925000000-17.png
11-111,17,20187,3.28,1,,2,16,+EUROPA,2-20220925000000-16.png
11-111,17,2122,0.34,1,,3,9,IMPEGNO CIVICO LUIGI DI MAIO - CENTRO DEMOCRATICO,2-20220925000000-9.png
11-111,21,7988,1.30,0,,0,5,UNIONE POPOLARE CON DE MAGISTRIS,2-20220925000000-5.png
11-111,22,161592,26.23,2,,0,14,FRATELLI D'ITALIA CON GIORGIA MELONI,2-20220925000000-14.png
11-111,22,52465,8.52,2,,1,12,LEGA PER SALVINI PREMIER,2-20220925000000-12.png
11-111,22,40979,6.65,2,,2,11,FORZA ITALIA,2-20220925000000-11.png
11-111,22,3650,0.59,2,,3,19,NOI MODERATI/LUPI - TOTI - BRUGNARO - UDC,2-20220925000000-19.png
11-111,25,62115,10.08,0,,0,3,MOVIMENTO 5 STELLE,2-20220925000000-3.png
11-111,32,3713,0.60,0,,0,10,PARTITO ANIMALISTA - UCDL - 10 VOLTE MEGLIO,2-20220925000000-10.png
11-111,34,11010,1.79,0,,0,2,ITALEXIT PER L'ITALIA,2-20220925000000-2.png
11-112,1,86300,9.25,0,,0,18,AZIONE - ITALIA VIVA - CALENDA,2-20220925000000-18.png
11-112,8,13795,1.48,0,,0,1,ITALIA SOVRANA E POPOLARE,2-20220925000000-1.png
11-112,9,729,0.08,0,,0,8,MASTELLA NOI DI CENTRO EUROPEISTI,2-20220925000000-8.png
11-112,13,9518,1.02,0,,0,6,VITA,2-20220925000000-6.png
11-112,17,286362,30.71,3,,0,13,PARTITO DEMOCRATICO - ITALIA DEMOCRATICA E PROGRESSISTA,2-20220925000000-13.png
11-112,17,45148,4.84,3,,1,17,ALLEANZA VERDI E SINISTRA,2-20220925000000-17.png
11-112,17,30351,3.25,3,,2,16,+EUROPA,2-20220925000000-16.png
11-112,17,3183,0.34,3,,3,9,IMPEGNO CIVICO LUIGI DI MAIO - CENTRO DEMOCRATICO,2-20220925000000-9.png
11-112,21,16133,1.73,0,,0,5,UNIONE POPOLARE CON DE MAGISTRIS,2-20220925000000-5.png
11-112,22,211144,22.64,1,,0,14,FRATELLI D'ITALIA CON GIORGIA MELONI,2-20220925000000-14.png
11-112,22,59708,6.40,1,,1,12,LEGA PER SALVINI PREMIER,2-20220925000000-12.png
11-112,22,46213,4.96,1,,2,11,FORZA ITALIA,2-20220925000000-11.png
11-112,22,4661,0.50,1,,3,19,NOI MODERATI/LUPI - TOTI - BRUGNARO - UDC,2-20220925000000-19.png
11-112,25,97744,10.48,0,,0,3,MOVIMENTO 5 STELLE,2-20220925000000-3.png
11-112,32,5686,0.61,0,,0,10,PARTITO ANIMALISTA - UCDL - 10 VOLTE MEGLIO,2-20220925000000-10.png
11-112,34,15879,1.70,0,,0,2,ITALEXIT PER L'ITALIA,2-20220925000000-2.png
11-113,1,57883,7.63,0,,0,18,AZIONE - ITALIA VIVA - CALENDA,2-20220925000000-18.png
11-113,8,10451,1.38,0,,0,1,ITALIA SOVRANA E POPOLARE,2-20220925000000-1.png
11-113,9,564,0.07,0,,0,8,MASTELLA NOI DI CENTRO EUROPEISTI,2-20220925000000-8.png
11-113,13,10500,1.38,0,,0,6,VITA,2-20220925000000-6.png
11-113,16,890,0.12,0,,0,15,SUD CHIAMA NORD,2-20220925000000-15.png
11-113,17,206535,27.23,0,,0,13,PARTITO DEMOCRATICO - ITALIA DEMOCRATICA E PROGRESSISTA,2-20220925000000-13.png
11-113,17,28483,3.76,0,,1,17,ALLEANZA VERDI E SINISTRA,2-20220925000000-17.png
11-113,17,22328,2.94,0,,2,16,+EUROPA,2-20220925000000-16.png
11-113,17,3093,0.41,0,,3,9,IMPEGNO CIVICO LUIGI DI MAIO - CENTRO DEMOCRATICO,2-20220925000000-9.png
11-113,21,8198,1.08,0,,0,5,UNIONE POPOLARE CON DE MAGISTRIS,2-20220925000000-5.png
11-113,22,204418,26.95,4,,0,14,FRATELLI D'ITALIA CON GIORGIA MELONI,2-20220925000000-14.png
11-113,22,61336,8.09,4,,1,12,LEGA PER SALVINI PREMIER,2-20220925000000-12.png
11-113,22,47190,6.22,4,,2,11,FORZA ITALIA,2-20220925000000-11.png
11-113,22,4729,0.62,4,,3,19,NOI MODERATI/LUPI - TOTI - BRUGNARO - UDC,2-20220925000000-19.png
11-113,25,68804,9.07,0,,0,3,MOVIMENTO 5 STELLE,2-20220925000000-3.png
11-113,32,5168,0.68,0,,0,10,PARTITO ANIMALISTA - UCDL - 10 VOLTE MEGLIO,2-20220925000000-10.png
11-113,34,17834,2.35,0,,0,2,ITALEXIT PER L'ITALIA,2-20220925000000-2.png
12-121,1,54604,9.26,0,,0,18,AZIONE - ITALIA VIVA - CALENDA,2-20220925000000-18.png
12-121,8,8790,1.49,0,,0,1,ITALIA SOVRANA E POPOLARE,2-20220925000000-1.png
12-121,13,4290,0.73,0,,0,6,VITA,2-20220925000000-6.png
12-121,17,135032,22.89,0,,0,13,PARTITO DEMOCRATICO - ITALIA DEMOCRATICA E PROGRESSISTA,2-20220925000000-13.png
12-121,17,24525,4.16,0,,1,17,ALLEANZA VERDI E SINISTRA,2-20220925000000-17.png
12-121,17,15733,2.67,0,,2,16,+EUROPA,2-20220925000000-16.png
12-121,17,2539,0.43,0,,3,9,IMPEGNO CIVICO LUIGI DI MAIO - CENTRO DEMOCRATICO,2-20220925000000-9.png
12-121,21,12453,2.11,0,,0,5,UNIONE POPOLARE CON DE MAGISTRIS,2-20220925000000-5.png
12-121,22,169701,28.76,3,,0,14,FRATELLI D'ITALIA CON GIORGIA MELONI,2-20220925000000-14.png
12-121,22,42902,7.27,3,,1,12,LEGA PER SALVINI PREMIER,2-20220925000000-12.png
12-121,22,41406,7.02,3,,2,11,FORZA ITALIA,2-20220925000000-11.png
12-121,22,3144,0.53,3,,3,19,NOI MODERATI/LUPI - TOTI - BRUGNARO - UDC,2-20220925000000-19.png
12-121,25,64365,10.91,0,,0,3,MOVIMENTO 5 STELLE,2-20220925000000-3.png
12-121,34,10502,1.78,0,,0,2,ITALEXIT PER L'ITALIA,2-20220925000000-2.png
12-122,1,50635,8.39,0,,0,18,AZIONE - ITALIA VIVA - CALENDA,2-20220925000000-18.png
12-122,8,9783,1.62,0,,0,1,ITALIA SOVRANA E POPOLARE,2-20220925000000-1.png
12-122,13,3976,0.66,0,,0,6,VITA,2-20220925000000-6.png
12-122,17,159874,26.48,0,,0,13,PARTITO DEMOCRATICO - ITALIA DEMOCRATICA E PROGRESSISTA,2-20220925000000-13.png
12-122,17,24683,4.09,0,,1,17,ALLEANZA VERDI E SINISTRA,2-20220925000000-17.png
12-122,17,15770,2.61,0,,2,16,+EUROPA,2-20220925000000-16.png
12-122,17,2809,0.47,0,,3,9,IMPEGNO CIVICO LUIGI DI MAIO - CENTRO DEMOCRATICO,2-20220925000000-9.png
12-122,21,13266,2.20,0,,0,5,UNIONE POPOLARE CON DE MAGISTRIS,2-20220925000000-5.png
12-122,22,163797,27.13,3,,0,14,FRATELLI D'ITALIA CON GIORGIA MELONI,2-20220925000000-14.png
12-122,22,41345,6.85,3,,1,12,LEGA PER SALVINI PREMIER,2-20220925000000-12.png
12-122,22,33536,5.55,3,,2,11,FORZA ITALIA,2-20220925000000-11.png
12-122,22,3411,0.56,3,,3,19,NOI MODERATI/LUPI - TOTI - BRUGNARO - UDC,2-20220925000000-19.png
12-122,25,69921,11.58,0,,0,3,MOVIMENTO 5 STELLE,2-20220925000000-3.png
12-122,34,10963,1.82,0,,0,2,ITALEXIT PER L'ITALIA,2-20220925000000-2.png
12-123,1,71284,10.42,0,,0,18,AZIONE - ITALIA VIVA - CALENDA,2-20220925000000-18.png
12-123,8,10596,1.55,0,,0,1,ITALIA SOVRANA E POPOLARE,2-20220925000000-1.png
12-123,13,5318,0.78,0,,0,6,VITA,2-20220925000000-6.png
12-123,17,200623,29.32,2,,0,13,PARTITO DEMOCRATICO - ITALIA DEMOCRATICA E PROGRESSISTA,2-20220925000000-13.png
12-123,17,43376,6.34,2,,1,17,ALLEANZA VERDI E SINISTRA,2-20220925000000-17.png
12-123,17,22886,3.35,2,,2,16,+EUROPA,2-20220925000000-16.png
12-123,17,2702,0.39,2,,3,9,IMPEGNO CIVICO LUIGI DI MAIO - CENTRO DEMOCRATICO,2-20220925000000-9.png
12-123,21,16353,2.39,0,,0,5,UNIONE POPOLARE CON DE MAGISTRIS,2-20220925000000-5.png
12-123,22,153841,22.49,1,,0,14,FRATELLI D'ITALIA CON GIORGIA MELONI,2-20220925000000-14.png
12-123,22,39074,5.71,1,,1,12,LEGA PER SALVINI PREMIER,2-20220925000000-12.png
12-123,22,29761,4.35,1,,2,11,FORZA ITALIA,2-20220925000000-11.png
12-123,22,2574,0.38,1,,3,19,NOI MODERATI/LUPI - TOTI - BRUGNARO - UDC,2-20220925000000-19.png
12-123,25,74954,10.96,0,,0,3,MOVIMENTO 5 STELLE,2-20220925000000-3.png
12-123,34,10797,1.58,0,,0,2,ITALEXIT PER L'ITALIA,2-20220925000000-2.png
13-131,1,35601,8.17,0,,0,18,AZIONE - ITALIA VIVA - CALENDA,2-20220925000000-18.png
13-131,4,6027,1.38,0,,0,20,PARTITO COMUNISTA ITALIANO,2-20220925000000-20.png
13-131,8,5987,1.37,0,,0,1,ITALIA SOVRANA E POPOLARE,2-20220925000000-1.png
13-131,9,279,0.06,0,,0,8,MASTELLA NOI DI CENTRO EUROPEISTI,2-20220925000000-8.png
13-131,13,2544,0.58,0,,0,6,VITA,2-20220925000000-6.png
13-131,17,91052,20.89,0,,0,13,PARTITO DEMOCRATICO - ITALIA DEMOCRATICA E PROGRESSISTA,2-20220925000000-13.png
13-131,17,15422,3.54,0,,1,17,ALLEANZA VERDI E SINISTRA,2-20220925000000-17.png
13-131,17,9172,2.10,0,,2,16,+EUROPA,2-20220925000000-16.png
13-131,17,1601,0.37,0,,3,9,IMPEGNO CIVICO LUIGI DI MAIO - CENTRO DEMOCRATICO,2-20220925000000-9.png
13-131,21,5442,1.25,0,,0,5,UNIONE POPOLARE CON DE MAGISTRIS,2-20220925000000-5.png
13-131,22,134357,30.82,2,,0,14,FRATELLI D'ITALIA CON GIORGIA MELONI,2-20220925000000-14.png
13-131,22,33776,7.75,2,,1,12,LEGA PER SALVINI PREMIER,2-20220925000000-12.png
13-131,22,29789,6.83,2,,2,11,FORZA ITALIA,2-20220925000000-11.png
13-131,22,1809,0.41,2,,3,19,NOI MODERATI/LUPI - TOTI - BRUGNARO - UDC,2-20220925000000-19.png
13-131,25,55195,12.66,0,,0,3,MOVIMENTO 5 STELLE,2-20220925000000-3.png
13-131,34,7870,1.81,0,,0,2,ITALEXIT PER L'ITALIA,2-20220925000000-2.png
14-141,1,56429,7.40,0,,0,18,AZIONE - ITALIA VIVA - CALENDA,2-20220925000000-18.png
14-141,4,8224,1.08,0,,0,20,PARTITO COMUNISTA ITALIANO,2-20220925000000-20.png
14-141,8,10743,1.41,0,,0,1,ITALIA SOVRANA E POPOLARE,2-20220925000000-1.png
14-141,13,6488,0.85,0,,0,6,VITA,2-20220925000000-6.png
14-141,17,155263,20.37,0,,0,13,PARTITO DEMOCRATICO - ITALIA DEMOCRATICA E PROGRESSISTA,2-20220925000000-13.png
14-141,17,25348,3.33,0,,1,17,ALLEANZA VERDI E SINISTRA,2-20220925000000-17.png
14-141,17,19110,2.51,0,,2,16,+EUROPA,2-20220925000000-16.png
14-141,17,3662,0.48,0,,3,9,IMPEGNO CIVICO LUIGI DI MAIO - CENTRO DEMOCRATICO,2-20220925000000-9.png
14-141,21,10418,1.37,0,,0,5,UNIONE POPOLARE CON DE MAGISTRIS,2-20220925000000-5.png
14-141,22,222116,29.14,4,,0,14,FRATELLI D'ITALIA CON GIORGIA MELONI,2-20220925000000-14.png
14-141,22,60379,7.92,4,,1,12,LEGA PER SALVINI PREMIER,2-20220925000000-12.png
14-141,22,51713,6.79,4,,2,11,FORZA ITALIA,2-20220925000000-11.png
14-141,22,5920,0.78,4,,3,19,NOI MODERATI/LUPI - TOTI - BRUGNARO - UDC,2-20220925000000-19.png
14-141,25,103594,13.59,0,,0,3,MOVIMENTO 5 STELLE,2-20220925000000-3.png
14-141,28,2688,0.35,0,,0,7,ALTERNATIVA PER L'ITALIA - NO GREEN PASS,2-20220925000000-7.png
14-141,34,20066,2.63,0,,0,2,ITALEXIT PER L'ITALIA,2-20220925000000-2.png
15-151,1,61468,10.87,0,,0,18,AZIONE - ITALIA VIVA - CALENDA,2-20220925000000-18.png
15-151,8,6768,1.20,0,,0,1,ITALIA SOVRANA E POPOLARE,2-20220925000000-1.png
15-151,13,2357,0.42,0,,0,6,VITA,2-20220925000000-6.png
15-151,17,132867,23.50,1,,0,13,PARTITO DEMOCRATICO - ITALIA DEMOCRATICA E PROGRESSISTA,2-20220925000000-13.png
15-151,17,29018,5.13,1,,1,17,ALLEANZA VERDI E SINISTRA,2-20220925000000-17.png
15-151,17,22068,3.90,1,,2,16,+EUROPA,2-20220925000000-16.png
15-151,17,2865,0.51,1,,3,9,IMPEGNO CIVICO LUIGI DI MAIO - CENTRO DEMOCRATICO,2-20220925000000-9.png
15-151,21,12729,2.25,0,,0,5,UNIONE POPOLARE CON DE MAGISTRIS,2-20220925000000-5.png
15-151,22,155525,27.51,2,,0,14,FRATELLI D'ITALIA CON GIORGIA MELONI,2-20220925000000-14.png
15-151,22,24160,4.27,2,,1,11,FORZA ITALIA,2-20220925000000-11.png
15-151,22,24146,4.27,2,,2,12,LEGA PER SALVINI PREMIER,2-20220925000000-12.png
15-151,22,2849,0.50,2,,3,19,NOI MODERATI/LUPI - TOTI - BRUGNARO - UDC,2-20220925000000-19.png
15-151,25,79226,14.01,0,,0,3,MOVIMENTO 5 STELLE,2-20220925000000-3.png
15-151,28,1096,0.19,0,,0,7,ALTERNATIVA PER L'ITALIA - NO GREEN PASS,2-20220925000000-7.png
15-151,34,7645,1.35,0,,0,2,ITALEXIT PER L'ITALIA,2-20220925000000-2.png
15-151,54,616,0.11,0,,0,22,PARTITO DELLA FOLLIA CREATIVA,2-20220925000000-22.png
15-152,1,43616,7.17,0,,0,18,AZIONE - ITALIA VIVA - CALENDA,2-20220925000000-18.png
15-152,8,7812,1.28,0,,0,1,ITALIA SOVRANA E POPOLARE,2-20220925000000-1.png
15-152,13,3300,0.54,0,,0,6,VITA,2-20220925000000-6.png
15-152,17,121579,19.98,1,,0,13,PARTITO DEMOCRATICO - ITALIA DEMOCRATICA E PROGRESSISTA,2-20220925000000-13.png
15-152,17,23753,3.90,1,,1,17,ALLEANZA VERDI E SINISTRA,2-20220925000000-17.png
15-152,17,17376,2.86,1,,2,16,+EUROPA,2-20220925000000-16.png
15-152,17,3228,0.53,1,,3,9,IMPEGNO CIVICO LUIGI DI MAIO - CENTRO DEMOCRATICO,2-20220925000000-9.png
15-152,21,9988,1.64,0,,0,5,UNIONE POPOLARE CON DE MAGISTRIS,2-20220925000000-5.png
15-152,22,195707,32.17,0,,0,14,FRATELLI D'ITALIA CON GIORGIA MELONI,2-20220925000000-14.png
15-152,22,37548,6.17,0,,1,11,FORZA ITALIA,2-20220925000000-11.png
15-152,22,36156,5.94,0,,2,12,LEGA PER SALVINI PREMIER,2-20220925000000-12.png
15-152,22,2762,0.45,0,,3,19,NOI MODERATI/LUPI - TOTI - BRUGNARO - UDC,2-20220925000000-19.png
15-152,25,94475,15.53,0,,0,3,MOVIMENTO 5 STELLE,2-20220925000000-3.png
15-152,34,10333,1.70,0,,0,2,ITALEXIT PER L'ITALIA,2-20220925000000-2.png
15-152,54,759,0.12,0,,0,22,PARTITO DELLA FOLLIA CREATIVA,2-20220925000000-22.png
15-153,1,63279,10.33,0,,0,18,AZIONE - ITALIA VIVA - CALENDA,2-20220925000000-18.png
15-153,8,8057,1.31,0,,0,1,ITALIA SOVRANA E POPOLARE,2-20220925000000-1.png
15-153,13,3585,0.59,0,,0,6,VITA,2-20220925000000-6.png
15-153,17,130349,21.27,0,,0,13,PARTITO DEMOCRATICO - ITALIA DEMOCRATICA E PROGRESSISTA,2-20220925000000-13.png
15-153,17,25805,4.21,0,,1,17,ALLEANZA VERDI E SINISTRA,2-20220925000000-17.png
15-153,17,22145,3.61,0,,2,16,+EUROPA,2-20220925000000-16.png
15-153,17,2970,0.48,0,,3,9,IMPEGNO CIVICO LUIGI DI MAIO - CENTRO DEMOCRATICO,2-20220925000000-9.png
15-153,21,9829,1.60,0,,0,5,UNIONE POPOLARE CON DE MAGISTRIS,2-20220925000000-5.png
15-153,22,183862,30.00,3,,0,14,FRATELLI D'ITALIA CON GIORGIA MELONI,2-20220925000000-14.png
15-153,22,31044,5.07,3,,1,11,FORZA ITALIA,2-20220925000000-11.png
15-153,22,28561,4.66,3,,2,12,LEGA PER SALVINI PREMIER,2-20220925000000-12.png
15-153,22,2985,0.49,3,,3,19,NOI MODERATI/LUPI - TOTI - BRUGNARO - UDC,2-20220925000000-19.png
15-153,25,89419,14.59,0,,0,3,MOVIMENTO 5 STELLE,2-20220925000000-3.png
15-153,28,1243,0.20,0,,0,7,ALTERNATIVA PER L'ITALIA - NO GREEN PASS,2-20220925000000-7.png
15-153,34,9687,1.58,0,,0,2,ITALEXIT PER L'ITALIA,2-20220925000000-2.png
16-161,1,24901,6.08,0,,0,18,AZIONE - ITALIA VIVA - CALENDA,2-20220925000000-18.png
16-161,8,6967,1.70,0,,0,1,ITALIA SOVRANA E POPOLARE,2-20220925000000-1.png
16-161,17,66527,16.25,0,,0,13,PARTITO DEMOCRATICO - ITALIA DEMOCRATICA E PROGRESSISTA,2-20220925000000-13.png
16-161,17,12902,3.15,0,,1,17,ALLEANZA VERDI E SINISTRA,2-20220925000000-17.png
16-161,17,9076,2.22,0,,2,16,+EUROPA,2-20220925000000-16.png
16-161,17,2207,0.54,0,,3,9,IMPEGNO CIVICO LUIGI DI MAIO - CENTRO DEMOCRATICO,2-20220925000000-9.png
16-161,21,7017,1.71,0,,0,5,UNIONE POPOLARE CON DE MAGISTRIS,2-20220925000000-5.png
16-161,22,148354,36.24,1,,0,14,FRATELLI D'ITALIA CON GIORGIA MELONI,2-20220925000000-14.png
16-161,22,31816,7.77,1,,1,12,LEGA PER SALVINI PREMIER,2-20220925000000-12.png
16-161,22,30891,7.55,1,,2,11,FORZA ITALIA,2-20220925000000-11.png
16-161,22,2007,0.49,1,,3,19,NOI MODERATI/LUPI - TOTI - BRUGNARO - UDC,2-20220925000000-19.png
16-161,25,57897,14.14,0,,0,3,MOVIMENTO 5 STELLE,2-20220925000000-3.png
16-161,34,8798,2.15,0,,0,2,ITALEXIT PER L'ITALIA,2-20220925000000-2.png
16-162,1,30036,6.22,0,,0,18,AZIONE - ITALIA VIVA - CALENDA,2-20220925000000-18.png
16-162,8,5146,1.06,0,,0,1,ITALIA SOVRANA E POPOLARE,2-20220925000000-1.png
16-162,17,66271,13.71,0,,0,13,PARTITO DEMOCRATICO - ITALIA DEMOCRATICA E PROGRESSISTA,2-20220925000000-13.png
16-162,17,12100,2.50,0,,1,17,ALLEANZA VERDI E SINISTRA,2-20220925000000-17.png
16-162,17,8972,1.86,0,,2,16,+EUROPA,2-20220925000000-16.png
16-162,17,2899,0.60,0,,3,9,IMPEGNO CIVICO LUIGI DI MAIO - CENTRO DEMOCRATICO,2-20220925000000-9.png
16-162,21,6289,1.30,0,,0,5,UNIONE POPOLARE CON DE MAGISTRIS,2-20220925000000-5.png
16-162,22,153338,31.73,2,,0,14,FRATELLI D'ITALIA CON GIORGIA MELONI,2-20220925000000-14.png
16-162,22,59745,12.36,2,,1,11,FORZA ITALIA,2-20220925000000-11.png
16-162,22,48217,9.98,2,,2,12,LEGA PER SALVINI PREMIER,2-20220925000000-12.png
16-162,22,2172,0.45,2,,3,19,NOI MODERATI/LUPI - TOTI - BRUGNARO - UDC,2-20220925000000-19.png
16-162,25,79995,16.55,0,,0,3,MOVIMENTO 5 STELLE,2-20220925000000-3.png
16-162,34,8078,1.67,0,,0,2,ITALEXIT PER L'ITALIA,2-20220925000000-2.png
17-171,1,38011,6.29,0,,0,18,AZIONE - ITALIA VIVA - CALENDA,2-20220925000000-18.png
17-171,8,6736,1.12,0,,0,1,ITALIA SOVRANA E POPOLARE,2-20220925000000-1.png
17-171,13,2856,0.47,0,,0,6,VITA,2-20220925000000-6.png
17-171,16,1110,0.18,0,,0,15,SUD CHIAMA NORD,2-20220925000000-15.png
17-171,17,100140,16.58,0,,0,13,PARTITO DEMOCRATICO - ITALIA DEMOCRATICA E PROGRESSISTA,2-20220925000000-13.png
17-171,17,16318,2.70,0,,1,17,ALLEANZA VERDI E SINISTRA,2-20220925000000-17.png
17-171,17,11882,1.97,0,,2,16,+EUROPA,2-20220925000000-16.png
17-171,17,3778,0.63,0,,3,9,IMPEGNO CIVICO LUIGI DI MAIO - CENTRO DEMOCRATICO,2-20220925000000-9.png
17-171,21,10428,1.73,0,,0,5,UNIONE POPOLARE CON DE MAGISTRIS,2-20220925000000-5.png
17-171,22,168162,27.85,1,,0,14,FRATELLI D'ITALIA CON GIORGIA MELONI,2-20220925000000-14.png
17-171,22,67056,11.10,1,,1,11,FORZA ITALIA,2-20220925000000-11.png
17-171,22,48548,8.04,1,,2,12,LEGA PER SALVINI PREMIER,2-20220925000000-12.png
17-171,22,4096,0.68,1,,3,19,NOI MODERATI/LUPI - TOTI - BRUGNARO - UDC,2-20220925000000-19.png
17-171,25,111887,18.53,0,,0,3,MOVIMENTO 5 STELLE,2-20220925000000-3.png
17-171,28,1656,0.27,0,,0,7,ALTERNATIVA PER L'ITALIA - NO GREEN PASS,2-20220925000000-7.png
17-171,34,11244,1.86,0,,0,2,ITALEXIT PER L'ITALIA,2-20220925000000-2.png
18-181,1,5690,4.85,0,,0,18,AZIONE - ITALIA VIVA - CALENDA,2-20220925000000-18.png
18-181,8,1950,1.66,0,,0,1,ITALIA SOVRANA E POPOLARE,2-20220925000000-1.png
18-181,9,1394,1.19,0,,0,8,MASTELLA NOI DI CENTRO EUROPEISTI,2-20220925000000-8.png
18-181,17,20725,17.66,0,,0,13,PARTITO DEMOCRATICO - ITALIA DEMOCRATICA E PROGRESSISTA,2-20220925000000-13.png
18-181,17,3391,2.89,0,,1,17,ALLEANZA VERDI E SINISTRA,2-20220925000000-17.png
18-181,17,1768,1.51,0,,2,16,+EUROPA,2-20220925000000-16.png
18-181,17,755,0.64,0,,3,9,IMPEGNO CIVICO LUIGI DI MAIO - CENTRO DEMOCRATICO,2-20220925000000-9.png
18-181,21,2061,1.76,0,,0,5,UNIONE POPOLARE CON DE MAGISTRIS,2-20220925000000-5.png
18-181,22,25676,21.87,0,,0,14,FRATELLI D'ITALIA CON GIORGIA MELONI,2-20220925000000-14.png
18-181,22,13822,11.78,0,,1,11,FORZA ITALIA,2-20220925000000-11.png
18-181,22,9525,8.11,0,,2,12,LEGA PER SALVINI PREMIER,2-20220925000000-12.png
18-181,22,1962,1.67,0,,3,19,NOI MODERATI/LUPI - TOTI - BRUGNARO - UDC,2-20220925000000-19.png
18-181,25,28664,24.42,0,,0,3,MOVIMENTO 5 STELLE,2-20220925000000-3.png
19-191,1,28045,5.25,0,,0,18,AZIONE - ITALIA VIVA - CALENDA,2-20220925000000-18.png
19-191,8,3984,0.75,0,,0,1,ITALIA SOVRANA E POPOLARE,2-20220925000000-1.png
19-191,9,1386,0.26,0,,0,8,MASTELLA NOI DI CENTRO EUROPEISTI,2-20220925000000-8.png
19-191,17,80928,15.15,0,,0,13,PARTITO DEMOCRATICO - ITALIA DEMOCRATICA E PROGRESSISTA,2-20220925000000-13.png
19-191,17,17611,3.30,0,,1,17,ALLEANZA VERDI E SINISTRA,2-20220925000000-17.png
19-191,17,10738,2.01,0,,2,16,+EUROPA,2-20220925000000-16.png
19-191,17,10276,1.92,0,,3,9,IMPEGNO CIVICO LUIGI DI MAIO - CENTRO DEMOCRATICO,2-20220925000000-9.png
19-191,21,16527,3.09,0,,0,5,UNIONE POPOLARE CON DE MAGISTRIS,2-20220925000000-5.png
19-191,22,75062,14.05,0,,0,14,FRATELLI D'ITALIA CON GIORGIA MELONI,2-20220925000000-14.png
19-191,22,40699,7.62,0,,1,11,FORZA ITALIA,2-20220925000000-11.png
19-191,22,11800,2.21,0,,2,12,LEGA PER SALVINI PREMIER,2-20220925000000-12.png
19-191,22,2768,0.52,0,,3,19,NOI MODERATI/LUPI - TOTI - BRUGNARO - UDC,2-20220925000000-19.png
19-191,25,227903,42.65,3,,0,3,MOVIMENTO 5 STELLE,2-20220925000000-3.png
19-191,34,6604,1.24,0,,0,2,ITALEXIT PER L'ITALIA,2-20220925000000-2.png
19-192,1,34743,5.47,0,,0,18,AZIONE - ITALIA VIVA - CALENDA,2-20220925000000-18.png
19-192,8,4251,0.67,0,,0,1,ITALIA SOVRANA E POPOLARE,2-20220925000000-1.png
19-192,9,2448,0.39,0,,0,8,MASTELLA NOI DI CENTRO EUROPEISTI,2-20220925000000-8.png
19-192,17,87726,13.81,0,,0,13,PARTITO DEMOCRATICO - ITALIA DEMOCRATICA E PROGRESSISTA,2-20220925000000-13.png
19-192,17,18256,2.87,0,,1,17,ALLEANZA VERDI E SINISTRA,2-20220925000000-17.png
19-192,17,14606,2.30,0,,2,9,IMPEGNO CIVICO LUIGI DI MAIO - CENTRO DEMOCRATICO,2-20220925000000-9.png
19-192,17,13462,2.12,0,,3,16,+EUROPA,2-20220925000000-16.png
19-192,21,13855,2.18,0,,0,5,UNIONE POPOLARE CON DE MAGISTRIS,2-20220925000000-5.png
19-192,22,86787,13.67,0,,0,14,FRATELLI D'ITALIA CON GIORGIA MELONI,2-20220925000000-14.png
19-192,22,70904,11.16,0,,1,11,FORZA ITALIA,2-20220925000000-11.png
19-192,22,21836,3.44,0,,2,12,LEGA PER SALVINI PREMIER,2-20220925000000-12.png
19-192,22,4197,0.66,0,,3,19,NOI MODERATI/LUPI - TOTI - BRUGNARO - UDC,2-20220925000000-19.png
19-192,25,255796,40.28,4,,0,3,MOVIMENTO 5 STELLE,2-20220925000000-3.png
19-192,34,6226,0.98,0,,0,2,ITALEXIT PER L'ITALIA,2-20220925000000-2.png
20-201,1,21270,4.45,0,,0,18,AZIONE - ITALIA VIVA - CALENDA,2-20220925000000-18.png
20-201,4,3272,0.69,0,,0,20,PARTITO COMUNISTA ITALIANO,2-20220925000000-20.png
20-201,8,3431,0.72,0,,0,1,ITALIA SOVRANA E POPOLARE,2-20220925000000-1.png
20-201,9,22843,4.78,0,,0,8,MASTELLA NOI DI CENTRO EUROPEISTI,2-20220925000000-8.png
20-201,17,59232,12.40,0,,0,13,PARTITO DEMOCRATICO - ITALIA DEMOCRATICA E PROGRESSISTA,2-20220925000000-13.png
20-201,17,9437,1.98,0,,1,17,ALLEANZA VERDI E SINISTRA,2-20220925000000-17.png
20-201,17,9051,1.90,0,,2,16,+EUROPA,2-20220925000000-16.png
20-201,17,8224,1.72,0,,3,9,IMPEGNO CIVICO LUIGI DI MAIO - CENTRO DEMOCRATICO,2-20220925000000-9.png
20-201,21,5957,1.25,0,,0,5,UNIONE POPOLARE CON DE MAGISTRIS,2-20220925000000-5.png
20-201,22,90603,18.97,2,,0,14,FRATELLI D'ITALIA CON GIORGIA MELONI,2-20220925000000-14.png
20-201,22,49401,10.34,2,,1,11,FORZA ITALIA,2-20220925000000-11.png
20-201,22,34320,7.19,2,,2,12,LEGA PER SALVINI PREMIER,2-20220925000000-12.png
20-201,22,3710,0.78,2,,3,19,NOI MODERATI/LUPI - TOTI - BRUGNARO - UDC,2-20220925000000-19.png
20-201,25,149763,31.36,0,,0,3,MOVIMENTO 5 STELLE,2-20220925000000-3.png
20-201,32,1761,0.37,0,,0,10,PARTITO ANIMALISTA - UCDL - 10 VOLTE MEGLIO,2-20220925000000-10.png
20-201,34,5309,1.11,0,,0,2,ITALEXIT PER L'ITALIA,2-20220925000000-2.png
20-202,1,35588,5.49,0,,0,18,AZIONE - ITALIA VIVA - CALENDA,2-20220925000000-18.png
20-202,8,5725,0.88,0,,0,1,ITALIA SOVRANA E POPOLARE,2-20220925000000-1.png
20-202,9,5546,0.86,0,,0,8,MASTELLA NOI DI CENTRO EUROPEISTI,2-20220925000000-8.png
20-202,13,2239,0.35,0,,0,6,VITA,2-20220925000000-6.png
20-202,17,130174,20.10,0,,0,13,PARTITO DEMOCRATICO - ITALIA DEMOCRATICA E PROGRESSISTA,2-20220925000000-13.png
20-202,17,17795,2.75,0,,1,17,ALLEANZA VERDI E SINISTRA,2-20220925000000-17.png
20-202,17,13086,2.02,0,,2,16,+EUROPA,2-20220925000000-16.png
20-202,17,7615,1.18,0,,3,9,IMPEGNO CIVICO LUIGI DI MAIO - CENTRO DEMOCRATICO,2-20220925000000-9.png
20-202,21,10498,1.62,0,,0,5,UNIONE POPOLARE CON DE MAGISTRIS,2-20220925000000-5.png
20-202,22,147452,22.77,4,,0,14,FRATELLI D'ITALIA CON GIORGIA MELONI,2-20220925000000-14.png
20-202,22,61556,9.50,4,,1,11,FORZA ITALIA,2-20220925000000-11.png
20-202,22,33726,5.21,4,,2,12,LEGA PER SALVINI PREMIER,2-20220925000000-12.png
20-202,22,5070,0.78,4,,3,19,NOI MODERATI/LUPI - TOTI - BRUGNARO - UDC,2-20220925000000-19.png
20-202,25,161193,24.89,0,,0,3,MOVIMENTO 5 STELLE,2-20220925000000-3.png
20-202,32,2835,0.44,0,,0,10,PARTITO ANIMALISTA - UCDL - 10 VOLTE MEGLIO,2-20220925000000-10.png
20-202,34,7606,1.17,0,,0,2,ITALEXIT PER L'ITALIA,2-20220925000000-2.png
21-211,1,18045,4.40,0,,0,18,AZIONE - ITALIA VIVA - CALENDA,2-20220925000000-18.png
21-211,8,3734,0.91,0,,0,1,ITALIA SOVRANA E POPOLARE,2-20220925000000-1.png
21-211,17,63016,15.36,0,,0,13,PARTITO DEMOCRATICO - ITALIA DEMOCRATICA E PROGRESSISTA,2-20220925000000-13.png
21-211,17,9668,2.36,0,,1,17,ALLEANZA VERDI E SINISTRA,2-20220925000000-17.png
21-211,17,7742,1.89,0,,2,16,+EUROPA,2-20220925000000-16.png
21-211,17,2627,0.64,0,,3,9,IMPEGNO CIVICO LUIGI DI MAIO - CENTRO DEMOCRATICO,2-20220925000000-9.png
21-211,21,2949,0.72,0,,0,5,UNIONE POPOLARE CON DE MAGISTRIS,2-20220925000000-5.png
21-211,22,80685,19.67,2,,0,14,FRATELLI D'ITALIA CON GIORGIA MELONI,2-20220925000000-14.png
21-211,22,52987,12.92,2,,1,11,FORZA ITALIA,2-20220925000000-11.png
21-211,22,21882,5.33,2,,2,12,LEGA PER SALVINI PREMIER,2-20220925000000-12.png
21-211,22,2310,0.56,2,,3,19,NOI MODERATI/LUPI - TOTI - BRUGNARO - UDC,2-20220925000000-19.png
21-211,25,139360,33.98,1,,0,3,MOVIMENTO 5 STELLE,2-20220925000000-3.png
21-211,34,5157,1.26,0,,0,2,ITALEXIT PER L'ITALIA,2-20220925000000-2.png
21-212,1,22150,5.32,0,,0,18,AZIONE - ITALIA VIVA - CALENDA,2-20220925000000-18.png
21-212,8,4008,0.96,0,,0,1,ITALIA SOVRANA E POPOLARE,2-20220925000000-1.png
21-212,17,76422,18.36,0,,0,13,PARTITO DEMOCRATICO - ITALIA DEMOCRATICA E PROGRESSISTA,2-20220925000000-13.png
21-212,17,16059,3.86,0,,1,17,ALLEANZA VERDI E SINISTRA,2-20220925000000-17.png
21-212,17,9961,2.39,0,,2,16,+EUROPA,2-20220925000000-16.png
21-212,17,3345,0.80,0,,3,9,IMPEGNO CIVICO LUIGI DI MAIO - CENTRO DEMOCRATICO,2-20220925000000-9.png
21-212,21,5134,1.23,0,,0,5,UNIONE POPOLARE CON DE MAGISTRIS,2-20220925000000-5.png
21-212,22,97917,23.53,2,,0,14,FRATELLI D'ITALIA CON GIORGIA MELONI,2-20220925000000-14.png
21-212,22,42419,10.19,2,,1,11,FORZA ITALIA,2-20220925000000-11.png
21-212,22,16430,3.95,2,,2,12,LEGA PER SALVINI PREMIER,2-20220925000000-12.png
21-212,22,3123,0.75,2,,3,19,NOI MODERATI/LUPI - TOTI - BRUGNARO - UDC,2-20220925000000-19.png
21-212,25,114080,27.41,0,,0,3,MOVIMENTO 5 STELLE,2-20220925000000-3.png
21-212,34,5147,1.24,0,,0,2,ITALEXIT PER L'ITALIA,2-20220925000000-2.png
21-213,1,19801,4.97,0,,0,18,AZIONE - ITALIA VIVA - CALENDA,2-20220925000000-18.png
21-213,8,5124,1.29,0,,0,1,ITALIA SOVRANA E POPOLARE,2-20220925000000-1.png
21-213,17,63954,16.06,0,,0,13,PARTITO DEMOCRATICO - ITALIA DEMOCRATICA E PROGRESSISTA,2-20220925000000-13.png
21-213,17,11165,2.80,0,,1,17,ALLEANZA VERDI E SINISTRA,2-20220925000000-17.png
21-213,17,6388,1.60,0,,2,16,+EUROPA,2-20220925000000-16.png
21-213,17,2647,0.66,0,,3,9,IMPEGNO CIVICO LUIGI DI MAIO - CENTRO DEMOCRATICO,2-20220925000000-9.png
21-213,21,4628,1.16,0,,0,5,UNIONE POPOLARE CON DE MAGISTRIS,2-20220925000000-5.png
21-213,22,96050,24.12,2,,0,14,FRATELLI D'ITALIA CON GIORGIA MELONI,2-20220925000000-14.png
21-213,22,49619,12.46,2,,1,11,FORZA ITALIA,2-20220925000000-11.png
21-213,22,17711,4.45,2,,2,12,LEGA PER SALVINI PREMIER,2-20220925000000-12.png
21-213,22,5401,1.36,2,,3,19,NOI MODERATI/LUPI - TOTI - BRUGNARO - UDC,2-20220925000000-19.png
21-213,25,108346,27.20,0,,0,3,MOVIMENTO 5 STELLE,2-20220925000000-3.png
21-213,34,7427,1.86,0,,0,2,ITALEXIT PER L'ITALIA,2-20220925000000-2.png
21-214,1,23964,4.62,0,,0,18,AZIONE - ITALIA VIVA - CALENDA,2-20220925000000-18.png
21-214,8,5915,1.14,0,,0,1,ITALIA SOVRANA E POPOLARE,2-20220925000000-1.png
21-214,17,89796,17.33,0,,0,13,PARTITO DEMOCRATICO - ITALIA DEMOCRATICA E PROGRESSISTA,2-20220925000000-13.png
21-214,17,16043,3.10,0,,1,17,ALLEANZA VERDI E SINISTRA,2-20220925000000-17.png
21-214,17,9392,1.81,0,,2,16,+EUROPA,2-20220925000000-16.png
21-214,17,3786,0.73,0,,3,9,IMPEGNO CIVICO LUIGI DI MAIO - CENTRO DEMOCRATICO,2-20220925000000-9.png
21-214,21,6770,1.31,0,,0,5,UNIONE POPOLARE CON DE MAGISTRIS,2-20220925000000-5.png
21-214,22,134875,26.03,3,,0,14,FRATELLI D'ITALIA CON GIORGIA MELONI,2-20220925000000-14.png
21-214,22,55534,10.72,3,,1,11,FORZA ITALIA,2-20220925000000-11.png
21-214,22,36023,6.95,3,,2,12,LEGA PER SALVINI PREMIER,2-20220925000000-12.png
21-214,22,2751,0.53,3,,3,19,NOI MODERATI/LUPI - TOTI - BRUGNARO - UDC,2-20220925000000-19.png
21-214,25,125562,24.23,0,,0,3,MOVIMENTO 5 STELLE,2-20220925000000-3.png
21-214,34,7778,1.50,0,,0,2,ITALEXIT PER L'ITALIA,2-20220925000000-2.png
22-221,1,23870,9.76,0,,0,18,AZIONE - ITALIA VIVA - CALENDA,2-20220925000000-18.png
22-221,4,2304,0.94,0,,0,20,PARTITO COMUNISTA ITALIANO,2-20220925000000-20.png
22-221,8,2638,1.08,0,,0,1,ITALIA SOVRANA E POPOLARE,2-20220925000000-1.png
22-221,9,956,0.39,0,,0,8,MASTELLA NOI DI CENTRO EUROPEISTI,2-20220925000000-8.png
22-221,17,37147,15.20,0,,0,13,PARTITO DEMOCRATICO - ITALIA DEMOCRATICA E PROGRESSISTA,2-20220925000000-13.png
22-221,17,8348,3.41,0,,1,17,ALLEANZA VERDI E SINISTRA,2-20220925000000-17.png
22-221,17,5104,2.09,0,,2,16,+EUROPA,2-20220925000000-16.png
22-221,17,2182,0.89,0,,3,9,IMPEGNO CIVICO LUIGI DI MAIO - CENTRO DEMOCRATICO,2-20220925000000-9.png
22-221,21,3617,1.48,0,,0,5,UNIONE POPOLARE CON DE MAGISTRIS,2-20220925000000-5.png
22-221,22,44396,18.16,1,,0,14,FRATELLI D'ITALIA CON GIORGIA MELONI,2-20220925000000-14.png
22-221,22,22874,9.36,1,,1,11,FORZA ITALIA,2-20220925000000-11.png
22-221,22,21946,8.98,1,,2,12,LEGA PER SALVINI PREMIER,2-20220925000000-12.png
22-221,22,4432,1.81,1,,3,19,NOI MODERATI/LUPI - TOTI - BRUGNARO - UDC,2-20220925000000-19.png
22-221,25,61114,25.00,0,,0,3,MOVIMENTO 5 STELLE,2-20220925000000-3.png
22-221,34,3525,1.44,0,,0,2,ITALEXIT PER L'ITALIA,2-20220925000000-2.png
23-231,1,28312,4.13,0,,0,18,AZIONE - ITALIA VIVA - CALENDA,2-20220925000000-18.png
23-231,4,4499,0.66,0,,0,20,PARTITO COMUNISTA ITALIANO,2-20220925000000-20.png
23-231,8,8264,1.20,0,,0,1,ITALIA SOVRANA E POPOLARE,2-20220925000000-1.png
23-231,9,1595,0.23,0,,0,8,MASTELLA NOI DI CENTRO EUROPEISTI,2-20220925000000-8.png
23-231,13,1413,0.21,0,,0,6,VITA,2-20220925000000-6.png
23-231,15,790,0.12,0,,0,23,FORZA DEL POPOLO,2-20220925000000-23.png
23-231,16,2364,0.34,0,,0,15,SUD CHIAMA NORD,2-20220925000000-15.png
23-231,17,96810,14.11,0,,0,13,PARTITO DEMOCRATICO - ITALIA DEMOCRATICA E PROGRESSISTA,2-20220925000000-13.png
23-231,17,12208,1.78,0,,1,17,ALLEANZA VERDI E SINISTRA,2-20220925000000-17.png
23-231,17,7370,1.07,0,,2,16,+EUROPA,2-20220925000000-16.png
23-231,17,6058,0.88,0,,3,9,IMPEGNO CIVICO LUIGI DI MAIO - CENTRO DEMOCRATICO,2-20220925000000-9.png
23-231,21,15669,2.28,0,,0,5,UNIONE POPOLARE CON DE MAGISTRIS,2-20220925000000-5.png
23-231,22,129856,18.93,2,,0,14,FRATELLI D'ITALIA CON GIORGIA MELONI,2-20220925000000-14.png
23-231,22,108568,15.83,2,,1,11,FORZA ITALIA,2-20220925000000-11.png
23-231,22,39611,5.77,2,,2,12,LEGA PER SALVINI PREMIER,2-20220925000000-12.png
23-231,22,6988,1.02,2,,3,19,NOI MODERATI/LUPI - TOTI - BRUGNARO - UDC,2-20220925000000-19.png
23-231,25,202555,29.53,1,,0,3,MOVIMENTO 5 STELLE,2-20220925000000-3.png
23-231,28,1831,0.27,0,,0,7,ALTERNATIVA PER L'ITALIA - NO GREEN PASS,2-20220925000000-7.png
23-231,32,2028,0.30,0,,0,10,PARTITO ANIMALISTA - UCDL - 10 VOLTE MEGLIO,2-20220925000000-10.png
23-231,34,9184,1.34,0,,0,2,ITALEXIT PER L'ITALIA,2-20220925000000-2.png
24-241,1,23063,4.88,0,,0,18,AZIONE - ITALIA VIVA - CALENDA,2-20220925000000-18.png
24-241,8,5429,1.15,0,,0,1,ITALIA SOVRANA E POPOLARE,2-20220925000000-1.png
24-241,16,37210,7.88,0,,0,15,SUD CHIAMA NORD,2-20220925000000-15.png
24-241,17,57817,12.24,0,,0,13,PARTITO DEMOCRATICO - ITALIA DEMOCRATICA E PROGRESSISTA,2-20220925000000-13.png
24-241,17,10819,2.29,0,,1,16,+EUROPA,2-20220925000000-16.png
24-241,17,9505,2.01,0,,2,17,ALLEANZA VERDI E SINISTRA,2-20220925000000-17.png
24-241,17,3722,0.79,0,,3,9,IMPEGNO CIVICO LUIGI DI MAIO - CENTRO DEMOCRATICO,2-20220925000000-9.png
24-241,21,4406,0.93,0,,0,5,UNIONE POPOLARE CON DE MAGISTRIS,2-20220925000000-5.png
24-241,22,86025,18.22,0,,0,14,FRATELLI D'ITALIA CON GIORGIA MELONI,2-20220925000000-14.png
24-241,22,51110,10.82,0,,1,11,FORZA ITALIA,2-20220925000000-11.png
24-241,22,18128,3.84,0,,2,12,LEGA PER SALVINI PREMIER,2-20220925000000-12.png
24-241,22,4400,0.93,0,,3,19,NOI MODERATI/LUPI - TOTI - BRUGNARO - UDC,2-20220925000000-19.png
24-241,25,154124,32.64,1,,0,3,MOVIMENTO 5 STELLE,2-20220925000000-3.png
24-241,34,6435,1.36,0,,0,2,ITALEXIT PER L'ITALIA,2-20220925000000-2.png
24-242,1,20550,5.41,0,,0,18,AZIONE - ITALIA VIVA - CALENDA,2-20220925000000-18.png
24-242,8,4149,1.09,0,,0,1,ITALIA SOVRANA E POPOLARE,2-20220925000000-1.png
24-242,16,32101,8.44,0,,0,15,SUD CHIAMA NORD,2-20220925000000-15.png
24-242,17,48472,12.75,0,,0,13,PARTITO DEMOCRATICO - ITALIA DEMOCRATICA E PROGRESSISTA,2-20220925000000-13.png
24-242,17,8911,2.34,0,,1,17,ALLEANZA VERDI E SINISTRA,2-20220925000000-17.png
24-242,17,5248,1.38,0,,2,16,+EUROPA,2-20220925000000-16.png
24-242,17,2819,0.74,0,,3,9,IMPEGNO CIVICO LUIGI DI MAIO - CENTRO DEMOCRATICO,2-20220925000000-9.png
24-242,21,3135,0.82,0,,0,5,UNIONE POPOLARE CON DE MAGISTRIS,2-20220925000000-5.png
24-242,22,67501,17.76,0,,0,14,FRATELLI D'ITALIA CON GIORGIA MELONI,2-20220925000000-14.png
24-242,22,47742,12.56,0,,1,11,FORZA ITALIA,2-20220925000000-11.png
24-242,22,22564,5.94,0,,2,12,LEGA PER SALVINI PREMIER,2-20220925000000-12.png
24-242,22,3835,1.01,0,,3,19,NOI MODERATI/LUPI - TOTI - BRUGNARO - UDC,2-20220925000000-19.png
24-242,25,106412,27.99,0,,0,3,MOVIMENTO 5 STELLE,2-20220925000000-3.png
24-242,34,6711,1.77,0,,0,2,ITALEXIT PER L'ITALIA,2-20220925000000-2.png
25-251,1,13093,3.72,0,,0,18,AZIONE - ITALIA VIVA - CALENDA,2-20220925000000-18.png
25-251,8,2991,0.85,0,,0,1,ITALIA SOVRANA E POPOLARE,2-20220925000000-1.png
25-251,13,1256,0.36,0,,0,6,VITA,2-20220925000000-6.png
25-251,16,92974,26.42,1,,0,15,SUD CHIAMA NORD,2-20220925000000-15.png
25-251,17,42181,11.99,0,,0,13,PARTITO DEMOCRATICO - ITALIA DEMOCRATICA E PROGRESSISTA,2-20220925000000-13.png
25-251,17,5297,1.51,0,,1,17,ALLEANZA VERDI E SINISTRA,2-20220925000000-17.png
25-251,17,4911,1.40,0,,2,16,+EUROPA,2-20220925000000-16.png
25-251,17,2195,0.62,0,,3,9,IMPEGNO CIVICO LUIGI DI MAIO - CENTRO DEMOCRATICO,2-20220925000000-9.png
25-251,21,2890,0.82,0,,0,5,UNIONE POPOLARE CON DE MAGISTRIS,2-20220925000000-5.png
25-251,22,56224,15.98,1,,0,14,FRATELLI D'ITALIA CON GIORGIA MELONI,2-20220925000000-14.png
25-251,22,40581,11.53,1,,1,11,FORZA ITALIA,2-20220925000000-11.png
25-251,22,14749,4.19,1,,2,12,LEGA PER SALVINI PREMIER,2-20220925000000-12.png
25-251,22,1511,0.43,1,,3,19,NOI MODERATI/LUPI - TOTI - BRUGNARO - UDC,2-20220925000000-19.png
25-251,25,64406,18.30,0,,0,3,MOVIMENTO 5 STELLE,2-20220925000000-3.png
25-251,34,6650,1.89,0,,0,2,ITALEXIT PER L'ITALIA,2-20220925000000-2.png
25-252,1,19015,5.01,0,,0,18,AZIONE - ITALIA VIVA - CALENDA,2-20220925000000-18.png
25-252,8,4053,1.07,0,,0,1,ITALIA SOVRANA E POPOLARE,2-20220925000000-1.png
25-252,13,2383,0.63,0,,0,6,VITA,2-20220925000000-6.png
25-252,16,36121,9.52,0,,0,15,SUD CHIAMA NORD,2-20220925000000-15.png
25-252,17,35458,9.34,0,,0,13,PARTITO DEMOCRATICO - ITALIA DEMOCRATICA E PROGRESSISTA,2-20220925000000-13.png
25-252,17,8543,2.25,0,,1,17,ALLEANZA VERDI E SINISTRA,2-20220925000000-17.png
25-252,17,6850,1.80,0,,2,16,+EUROPA,2-20220925000000-16.png
25-252,17,2606,0.69,0,,3,9,IMPEGNO CIVICO LUIGI DI MAIO - CENTRO DEMOCRATICO,2-20220925000000-9.png
25-252,21,3730,0.98,0,,0,5,UNIONE POPOLARE CON DE MAGISTRIS,2-20220925000000-5.png
25-252,22,83091,21.89,0,,0,14,FRATELLI D'ITALIA CON GIORGIA MELONI,2-20220925000000-14.png
25-252,22,40748,10.74,0,,1,11,FORZA ITALIA,2-20220925000000-11.png
25-252,22,21698,5.72,0,,2,12,LEGA PER SALVINI PREMIER,2-20220925000000-12.png
25-252,22,2016,0.53,0,,3,19,NOI MODERATI/LUPI - TOTI - BRUGNARO - UDC,2-20220925000000-19.png
25-252,25,106717,28.12,0,,0,3,MOVIMENTO 5 STELLE,2-20220925000000-3.png
25-252,34,6502,1.71,0,,0,2,ITALEXIT PER L'ITALIA,2-20220925000000-2.png
25-253,1,16666,5.11,0,,0,18,AZIONE - ITALIA VIVA - CALENDA,2-20220925000000-18.png
25-253,8,3757,1.15,0,,0,1,ITALIA SOVRANA E POPOLARE,2-20220925000000-1.png
25-253,17,44133,13.54,0,,0,13,PARTITO DEMOCRATICO - ITALIA DEMOCRATICA E PROGRESSISTA,2-20220925000000-13.png
25-253,17,7315,2.24,0,,1,17,ALLEANZA VERDI E SINISTRA,2-20220925000000-17.png
25-253,17,5238,1.61,0,,2,16,+EUROPA,2-20220925000000-16.png
25-253,17,3378,1.04,0,,3,9,IMPEGNO CIVICO LUIGI DI MAIO - CENTRO DEMOCRATICO,2-20220925000000-9.png
25-253,21,3620,1.11,0,,0,5,UNIONE POPOLARE CON DE MAGISTRIS,2-20220925000000-5.png
25-253,22,73166,22.45,1,,0,14,FRATELLI D'ITALIA CON GIORGIA MELONI,2-20220925000000-14.png
25-253,22,34458,10.57,1,,1,11,FORZA ITALIA,2-20220925000000-11.png
25-253,22,20432,6.27,1,,2,12,LEGA PER SALVINI PREMIER,2-20220925000000-12.png
25-253,22,3933,1.21,1,,3,19,NOI MODERATI/LUPI - TOTI - BRUGNARO - UDC,2-20220925000000-19.png
25-253,25,102920,31.57,0,,0,3,MOVIMENTO 5 STELLE,2-20220925000000-3.png
25-253,34,6943,2.13,0,,0,2,ITALEXIT PER L'ITALIA,2-20220925000000-2.png
26-261,1,31593,4.61,0,,0,18,AZIONE - ITALIA VIVA - CALENDA,2-20220925000000-18.png
26-261,8,10575,1.54,0,,0,1,ITALIA SOVRANA E POPOLARE,2-20220925000000-1.png
26-261,13,3858,0.56,0,,0,6,VITA,2-20220925000000-6.png
26-261,17,127498,18.60,0,,0,13,PARTITO DEMOCRATICO - ITALIA DEMOCRATICA E PROGRESSISTA,2-20220925000000-13.png
26-261,17,35720,5.21,0,,1,17,ALLEANZA VERDI E SINISTRA,2-20220925000000-17.png
26-261,17,15431,2.25,0,,2,16,+EUROPA,2-20220925000000-16.png
26-261,17,6205,0.91,0,,3,9,IMPEGNO CIVICO LUIGI DI MAIO - CENTRO DEMOCRATICO,2-20220925000000-9.png
26-261,21,10762,1.57,0,,0,5,UNIONE POPOLARE CON DE MAGISTRIS,2-20220925000000-5.png
26-261,22,161696,23.59,4,,0,14,FRATELLI D'ITALIA CON GIORGIA MELONI,2-20220925000000-14.png
26-261,22,58531,8.54,4,,1,11,FORZA ITALIA,2-20220925000000-11.png
26-261,22,43061,6.28,4,,2,12,LEGA PER SALVINI PREMIER,2-20220925000000-12.png
26-261,22,14511,2.12,4,,3,19,NOI MODERATI/LUPI - TOTI - BRUGNARO - UDC,2-20220925000000-19.png
26-261,25,149477,21.80,0,,0,3,MOVIMENTO 5 STELLE,2-20220925000000-3.png
26-261,34,16669,2.43,0,,0,2,ITALEXIT PER L'ITALIA,2-20220925000000-2.png
28-281,1,30678,6.07,0,,0,18,AZIONE - ITALIA VIVA - CALENDA,2-20220925000000-18.png
28-281,8,6426,1.27,0,,0,1,ITALIA SOVRANA E POPOLARE,2-20220925000000-1.png
28-281,13,22331,4.42,0,,0,6,VITA,2-20220925000000-6.png
28-281,17,86371,17.09,0,,0,13,PARTITO DEMOCRATICO - ITALIA DEMOCRATICA E PROGRESSISTA,2-20220925000000-13.png
28-281,17,29594,5.85,0,,1,17,ALLEANZA VERDI E SINISTRA,2-20220925000000-17-B.png
28-281,17,14911,2.95,0,,2,16,+EUROPA,2-20220925000000-16.png
28-281,17,2062,0.41,0,,3,9,IMPEGNO CIVICO LUIGI DI MAIO - CENTRO DEMOCRATICO,2-20220925000000-9.png
28-281,21,4331,0.86,0,,0,5,UNIONE POPOLARE CON DE MAGISTRIS,2-20220925000000-5.png
28-281,22,94824,18.76,2,,0,14,FRATELLI D'ITALIA CON GIORGIA MELONI,2-20220925000000-14.png
28-281,22,43108,8.53,2,,1,12,LEGA PER SALVINI PREMIER,2-20220925000000-12.png
28-281,22,16929,3.35,2,,2,11,FORZA ITALIA,2-20220925000000-11.png
28-281,22,2761,0.55,2,,3,19,NOI MODERATI/LUPI - TOTI - BRUGNARO - UDC,2-20220925000000-19.png
28-281,25,25394,5.02,0,,0,3,MOVIMENTO 5 STELLE,2-20220925000000-3.png
28-281,34,8754,1.73,0,,0,2,ITALEXIT PER L'ITALIA,2-20220925000000-2.png
28-281,52,117010,23.15,2,,0,21,SDTIROLER VOLKSPARTEI (SVP) - PATT,2-20220925000000-21.png
