comune,candidato,lista,voti
ALLEIN,"LOREDANA AUGUSTA RONC","ITALIA SOVRANA E POPOLARE",4
ALLEIN,"ERIKA GUICHARDAZ","VALLE D'AOSTA APERTA",7
ALLEIN,"EMILY MARINELLA RINI","LEGA PER SALVINI PREMIER - FORZA ITALIA - NOI MODERATI - FRATELLI D'ITALIA",17
ALLEIN,"GIOVANNI GIRARDINI","LA RENAISSANCE VALDÔTAINE",10
ALLEIN,"DAVIDE IANNI","PARTITO COMUNISTA ITALIANO",1
ALLEIN,"LOREDANA DE ROSA","UNIONE POPOLARE CON DE MAGISTRIS",3
ALLEIN,"FRANCO MANES","VALLÉE D’AOSTE – AUTONOMIE PROGRÈS FÉDÉRALISME",52
ANTEY-SAINT-ANDRE',"LOREDANA AUGUSTA RONC","ITALIA SOVRANA E POPOLARE",5
ANTEY-SAINT-ANDRE',"ERIKA GUICHARDAZ","VALLE D'AOSTA APERTA",17
ANTEY-SAINT-ANDRE',"EMILY MARINELLA RINI","LEGA PER SALVINI PREMIER - FORZA ITALIA - NOI MODERATI - FRATELLI D'ITALIA",82
ANTEY-SAINT-ANDRE',"GIOVANNI GIRARDINI","LA RENAISSANCE VALDÔTAINE",31
ANTEY-SAINT-ANDRE',"DAVIDE IANNI","PARTITO COMUNISTA ITALIANO",3
ANTEY-SAINT-ANDRE',"LOREDANA DE ROSA","UNIONE POPOLARE CON DE MAGISTRIS",6
ANTEY-SAINT-ANDRE',"FRANCO MANES","VALLÉE D’AOSTE – AUTONOMIE PROGRÈS FÉDÉRALISME",102
AOSTA,"LOREDANA AUGUSTA RONC","ITALIA SOVRANA E POPOLARE",686
AOSTA,"ERIKA GUICHARDAZ","VALLE D'AOSTA APERTA",1634
AOSTA,"EMILY MARINELLA RINI","LEGA PER SALVINI PREMIER - FORZA ITALIA - NOI MODERATI - FRATELLI D'ITALIA",3869
AOSTA,"GIOVANNI GIRARDINI","LA RENAISSANCE VALDÔTAINE",2439
AOSTA,"DAVIDE IANNI","PARTITO COMUNISTA ITALIANO",291
AOSTA,"LOREDANA DE ROSA","UNIONE POPOLARE CON DE MAGISTRIS",463
AOSTA,"FRANCO MANES","VALLÉE D’AOSTE – AUTONOMIE PROGRÈS FÉDÉRALISME",5291
ARNAD,"LOREDANA AUGUSTA RONC","ITALIA SOVRANA E POPOLARE",19
ARNAD,"ERIKA GUICHARDAZ","VALLE D'AOSTA APERTA",43
ARNAD,"EMILY MARINELLA RINI","LEGA PER SALVINI PREMIER - FORZA ITALIA - NOI MODERATI - FRATELLI D'ITALIA",153
ARNAD,"GIOVANNI GIRARDINI","LA RENAISSANCE VALDÔTAINE",19
ARNAD,"DAVIDE IANNI","PARTITO COMUNISTA ITALIANO",14
ARNAD,"LOREDANA DE ROSA","UNIONE POPOLARE CON DE MAGISTRIS",15
ARNAD,"FRANCO MANES","VALLÉE D’AOSTE – AUTONOMIE PROGRÈS FÉDÉRALISME",254
ARVIER,"LOREDANA AUGUSTA RONC","ITALIA SOVRANA E POPOLARE",13
ARVIER,"ERIKA GUICHARDAZ","VALLE D'AOSTA APERTA",39
ARVIER,"EMILY MARINELLA RINI","LEGA PER SALVINI PREMIER - FORZA ITALIA - NOI MODERATI - FRATELLI D'ITALIA",83
ARVIER,"GIOVANNI GIRARDINI","LA RENAISSANCE VALDÔTAINE",29
ARVIER,"DAVIDE IANNI","PARTITO COMUNISTA ITALIANO",5
ARVIER,"LOREDANA DE ROSA","UNIONE POPOLARE CON DE MAGISTRIS",5
ARVIER,"FRANCO MANES","VALLÉE D’AOSTE – AUTONOMIE PROGRÈS FÉDÉRALISME",169
AVISE,"LOREDANA AUGUSTA RONC","ITALIA SOVRANA E POPOLARE",3
AVISE,"ERIKA GUICHARDAZ","VALLE D'AOSTA APERTA",12
AVISE,"EMILY MARINELLA RINI","LEGA PER SALVINI PREMIER - FORZA ITALIA - NOI MODERATI - FRATELLI D'ITALIA",20
AVISE,"GIOVANNI GIRARDINI","LA RENAISSANCE VALDÔTAINE",6
AVISE,"DAVIDE IANNI","PARTITO COMUNISTA ITALIANO",1
AVISE,"LOREDANA DE ROSA","UNIONE POPOLARE CON DE MAGISTRIS",3
AVISE,"FRANCO MANES","VALLÉE D’AOSTE – AUTONOMIE PROGRÈS FÉDÉRALISME",109
AYAS,"LOREDANA AUGUSTA RONC","ITALIA SOVRANA E POPOLARE",18
AYAS,"ERIKA GUICHARDAZ","VALLE D'AOSTA APERTA",45
AYAS,"EMILY MARINELLA RINI","LEGA PER SALVINI PREMIER - FORZA ITALIA - NOI MODERATI - FRATELLI D'ITALIA",304
AYAS,"GIOVANNI GIRARDINI","LA RENAISSANCE VALDÔTAINE",33
AYAS,"DAVIDE IANNI","PARTITO COMUNISTA ITALIANO",8
AYAS,"LOREDANA DE ROSA","UNIONE POPOLARE CON DE MAGISTRIS",9
AYAS,"FRANCO MANES","VALLÉE D’AOSTE – AUTONOMIE PROGRÈS FÉDÉRALISME",206
AYMAVILLES,"LOREDANA AUGUSTA RONC","ITALIA SOVRANA E POPOLARE",45
AYMAVILLES,"ERIKA GUICHARDAZ","VALLE D'AOSTA APERTA",104
AYMAVILLES,"EMILY MARINELLA RINI","LEGA PER SALVINI PREMIER - FORZA ITALIA - NOI MODERATI - FRATELLI D'ITALIA",272
AYMAVILLES,"GIOVANNI GIRARDINI","LA RENAISSANCE VALDÔTAINE",119
AYMAVILLES,"DAVIDE IANNI","PARTITO COMUNISTA ITALIANO",17
AYMAVILLES,"LOREDANA DE ROSA","UNIONE POPOLARE CON DE MAGISTRIS",14
AYMAVILLES,"FRANCO MANES","VALLÉE D’AOSTE – AUTONOMIE PROGRÈS FÉDÉRALISME",336
BARD,"LOREDANA AUGUSTA RONC","ITALIA SOVRANA E POPOLARE",2
BARD,"ERIKA GUICHARDAZ","VALLE D'AOSTA APERTA",2
BARD,"EMILY MARINELLA RINI","LEGA PER SALVINI PREMIER - FORZA ITALIA - NOI MODERATI - FRATELLI D'ITALIA",9
BARD,"GIOVANNI GIRARDINI","LA RENAISSANCE VALDÔTAINE",1
BARD,"DAVIDE IANNI","PARTITO COMUNISTA ITALIANO",2
BARD,"LOREDANA DE ROSA","UNIONE POPOLARE CON DE MAGISTRIS",1
BARD,"FRANCO MANES","VALLÉE D’AOSTE – AUTONOMIE PROGRÈS FÉDÉRALISME",23
BIONAZ,"LOREDANA AUGUSTA RONC","ITALIA SOVRANA E POPOLARE",4
BIONAZ,"ERIKA GUICHARDAZ","VALLE D'AOSTA APERTA",2
BIONAZ,"EMILY MARINELLA RINI","LEGA PER SALVINI PREMIER - FORZA ITALIA - NOI MODERATI - FRATELLI D'ITALIA",16
BIONAZ,"GIOVANNI GIRARDINI","LA RENAISSANCE VALDÔTAINE",8
BIONAZ,"DAVIDE IANNI","PARTITO COMUNISTA ITALIANO",1
BIONAZ,"LOREDANA DE ROSA","UNIONE POPOLARE CON DE MAGISTRIS",1
BIONAZ,"FRANCO MANES","VALLÉE D’AOSTE – AUTONOMIE PROGRÈS FÉDÉRALISME",60
BRISSOGNE,"LOREDANA AUGUSTA RONC","ITALIA SOVRANA E POPOLARE",13
BRISSOGNE,"ERIKA GUICHARDAZ","VALLE D'AOSTA APERTA",72
BRISSOGNE,"EMILY MARINELLA RINI","LEGA PER SALVINI PREMIER - FORZA ITALIA - NOI MODERATI - FRATELLI D'ITALIA",125
BRISSOGNE,"GIOVANNI GIRARDINI","LA RENAISSANCE VALDÔTAINE",38
BRISSOGNE,"DAVIDE IANNI","PARTITO COMUNISTA ITALIANO",10
BRISSOGNE,"LOREDANA DE ROSA","UNIONE POPOLARE CON DE MAGISTRIS",6
BRISSOGNE,"FRANCO MANES","VALLÉE D’AOSTE – AUTONOMIE PROGRÈS FÉDÉRALISME",181
BRUSSON,"LOREDANA AUGUSTA RONC","ITALIA SOVRANA E POPOLARE",9
BRUSSON,"ERIKA GUICHARDAZ","VALLE D'AOSTA APERTA",34
BRUSSON,"EMILY MARINELLA RINI","LEGA PER SALVINI PREMIER - FORZA ITALIA - NOI MODERATI - FRATELLI D'ITALIA",120
BRUSSON,"GIOVANNI GIRARDINI","LA RENAISSANCE VALDÔTAINE",54
BRUSSON,"DAVIDE IANNI","PARTITO COMUNISTA ITALIANO",3
BRUSSON,"LOREDANA DE ROSA","UNIONE POPOLARE CON DE MAGISTRIS",11
BRUSSON,"FRANCO MANES","VALLÉE D’AOSTE – AUTONOMIE PROGRÈS FÉDÉRALISME",173
CHALLAND-SAINT-ANSELME,"LOREDANA AUGUSTA RONC","ITALIA SOVRANA E POPOLARE",12
CHALLAND-SAINT-ANSELME,"ERIKA GUICHARDAZ","VALLE D'AOSTA APERTA",39
CHALLAND-SAINT-ANSELME,"EMILY MARINELLA RINI","LEGA PER SALVINI PREMIER - FORZA ITALIA - NOI MODERATI - FRATELLI D'ITALIA",108
CHALLAND-SAINT-ANSELME,"GIOVANNI GIRARDINI","LA RENAISSANCE VALDÔTAINE",43
CHALLAND-SAINT-ANSELME,"DAVIDE IANNI","PARTITO COMUNISTA ITALIANO",7
CHALLAND-SAINT-ANSELME,"LOREDANA DE ROSA","UNIONE POPOLARE CON DE MAGISTRIS",7
CHALLAND-SAINT-ANSELME,"FRANCO MANES","VALLÉE D’AOSTE – AUTONOMIE PROGRÈS FÉDÉRALISME",108
CHALLAND-SAINT-VICTOR,"LOREDANA AUGUSTA RONC","ITALIA SOVRANA E POPOLARE",11
CHALLAND-SAINT-VICTOR,"ERIKA GUICHARDAZ","VALLE D'AOSTA APERTA",17
CHALLAND-SAINT-VICTOR,"EMILY MARINELLA RINI","LEGA PER SALVINI PREMIER - FORZA ITALIA - NOI MODERATI - FRATELLI D'ITALIA",90
CHALLAND-SAINT-VICTOR,"GIOVANNI GIRARDINI","LA RENAISSANCE VALDÔTAINE",18
CHALLAND-SAINT-VICTOR,"DAVIDE IANNI","PARTITO COMUNISTA ITALIANO",3
CHALLAND-SAINT-VICTOR,"LOREDANA DE ROSA","UNIONE POPOLARE CON DE MAGISTRIS",6
CHALLAND-SAINT-VICTOR,"FRANCO MANES","VALLÉE D’AOSTE – AUTONOMIE PROGRÈS FÉDÉRALISME",72
CHAMBAVE,"LOREDANA AUGUSTA RONC","ITALIA SOVRANA E POPOLARE",15
CHAMBAVE,"ERIKA GUICHARDAZ","VALLE D'AOSTA APERTA",30
CHAMBAVE,"EMILY MARINELLA RINI","LEGA PER SALVINI PREMIER - FORZA ITALIA - NOI MODERATI - FRATELLI D'ITALIA",103
CHAMBAVE,"GIOVANNI GIRARDINI","LA RENAISSANCE VALDÔTAINE",19
CHAMBAVE,"DAVIDE IANNI","PARTITO COMUNISTA ITALIANO",5
CHAMBAVE,"LOREDANA DE ROSA","UNIONE POPOLARE CON DE MAGISTRIS",15
CHAMBAVE,"FRANCO MANES","VALLÉE D’AOSTE – AUTONOMIE PROGRÈS FÉDÉRALISME",205
CHAMOIS,"LOREDANA AUGUSTA RONC","ITALIA SOVRANA E POPOLARE",2
CHAMOIS,"ERIKA GUICHARDAZ","VALLE D'AOSTA APERTA",5
CHAMOIS,"EMILY MARINELLA RINI","LEGA PER SALVINI PREMIER - FORZA ITALIA - NOI MODERATI - FRATELLI D'ITALIA",23
CHAMOIS,"GIOVANNI GIRARDINI","LA RENAISSANCE VALDÔTAINE",1
CHAMOIS,"DAVIDE IANNI","PARTITO COMUNISTA ITALIANO",3
CHAMOIS,"LOREDANA DE ROSA","UNIONE POPOLARE CON DE MAGISTRIS",1
CHAMOIS,"FRANCO MANES","VALLÉE D’AOSTE – AUTONOMIE PROGRÈS FÉDÉRALISME",22
CHAMPDEPRAZ,"LOREDANA AUGUSTA RONC","ITALIA SOVRANA E POPOLARE",12
CHAMPDEPRAZ,"ERIKA GUICHARDAZ","VALLE D'AOSTA APERTA",39
CHAMPDEPRAZ,"EMILY MARINELLA RINI","LEGA PER SALVINI PREMIER - FORZA ITALIA - NOI MODERATI - FRATELLI D'ITALIA",104
CHAMPDEPRAZ,"GIOVANNI GIRARDINI","LA RENAISSANCE VALDÔTAINE",12
CHAMPDEPRAZ,"DAVIDE IANNI","PARTITO COMUNISTA ITALIANO",5
CHAMPDEPRAZ,"LOREDANA DE ROSA","UNIONE POPOLARE CON DE MAGISTRIS",11
CHAMPDEPRAZ,"FRANCO MANES","VALLÉE D’AOSTE – AUTONOMIE PROGRÈS FÉDÉRALISME",121
CHAMPORCHER,"LOREDANA AUGUSTA RONC","ITALIA SOVRANA E POPOLARE",3
CHAMPORCHER,"ERIKA GUICHARDAZ","VALLE D'AOSTA APERTA",29
CHAMPORCHER,"EMILY MARINELLA RINI","LEGA PER SALVINI PREMIER - FORZA ITALIA - NOI MODERATI - FRATELLI D'ITALIA",54
CHAMPORCHER,"GIOVANNI GIRARDINI","LA RENAISSANCE VALDÔTAINE",2
CHAMPORCHER,"DAVIDE IANNI","PARTITO COMUNISTA ITALIANO",8
CHAMPORCHER,"LOREDANA DE ROSA","UNIONE POPOLARE CON DE MAGISTRIS",7
CHAMPORCHER,"FRANCO MANES","VALLÉE D’AOSTE – AUTONOMIE PROGRÈS FÉDÉRALISME",60
CHARVENSOD,"LOREDANA AUGUSTA RONC","ITALIA SOVRANA E POPOLARE",63
CHARVENSOD,"ERIKA GUICHARDAZ","VALLE D'AOSTA APERTA",93
CHARVENSOD,"EMILY MARINELLA RINI","LEGA PER SALVINI PREMIER - FORZA ITALIA - NOI MODERATI - FRATELLI D'ITALIA",240
CHARVENSOD,"GIOVANNI GIRARDINI","LA RENAISSANCE VALDÔTAINE",225
CHARVENSOD,"DAVIDE IANNI","PARTITO COMUNISTA ITALIANO",21
CHARVENSOD,"LOREDANA DE ROSA","UNIONE POPOLARE CON DE MAGISTRIS",16
CHARVENSOD,"FRANCO MANES","VALLÉE D’AOSTE – AUTONOMIE PROGRÈS FÉDÉRALISME",353
CHATILLON,"LOREDANA AUGUSTA RONC","ITALIA SOVRANA E POPOLARE",89
CHATILLON,"ERIKA GUICHARDAZ","VALLE D'AOSTA APERTA",188
CHATILLON,"EMILY MARINELLA RINI","LEGA PER SALVINI PREMIER - FORZA ITALIA - NOI MODERATI - FRATELLI D'ITALIA",641
CHATILLON,"GIOVANNI GIRARDINI","LA RENAISSANCE VALDÔTAINE",189
CHATILLON,"DAVIDE IANNI","PARTITO COMUNISTA ITALIANO",36
CHATILLON,"LOREDANA DE ROSA","UNIONE POPOLARE CON DE MAGISTRIS",52
CHATILLON,"FRANCO MANES","VALLÉE D’AOSTE – AUTONOMIE PROGRÈS FÉDÉRALISME",691
COGNE,"LOREDANA AUGUSTA RONC","ITALIA SOVRANA E POPOLARE",18
COGNE,"ERIKA GUICHARDAZ","VALLE D'AOSTA APERTA",60
COGNE,"EMILY MARINELLA RINI","LEGA PER SALVINI PREMIER - FORZA ITALIA - NOI MODERATI - FRATELLI D'ITALIA",211
COGNE,"GIOVANNI GIRARDINI","LA RENAISSANCE VALDÔTAINE",67
COGNE,"DAVIDE IANNI","PARTITO COMUNISTA ITALIANO",8
COGNE,"LOREDANA DE ROSA","UNIONE POPOLARE CON DE MAGISTRIS",9
COGNE,"FRANCO MANES","VALLÉE D’AOSTE – AUTONOMIE PROGRÈS FÉDÉRALISME",168
COURMAYEUR,"LOREDANA AUGUSTA RONC","ITALIA SOVRANA E POPOLARE",26
COURMAYEUR,"ERIKA GUICHARDAZ","VALLE D'AOSTA APERTA",74
COURMAYEUR,"EMILY MARINELLA RINI","LEGA PER SALVINI PREMIER - FORZA ITALIA - NOI MODERATI - FRATELLI D'ITALIA",566
COURMAYEUR,"GIOVANNI GIRARDINI","LA RENAISSANCE VALDÔTAINE",76
COURMAYEUR,"DAVIDE IANNI","PARTITO COMUNISTA ITALIANO",11
COURMAYEUR,"LOREDANA DE ROSA","UNIONE POPOLARE CON DE MAGISTRIS",18
COURMAYEUR,"FRANCO MANES","VALLÉE D’AOSTE – AUTONOMIE PROGRÈS FÉDÉRALISME",345
DONNAS,"LOREDANA AUGUSTA RONC","ITALIA SOVRANA E POPOLARE",39
DONNAS,"ERIKA GUICHARDAZ","VALLE D'AOSTA APERTA",120
DONNAS,"EMILY MARINELLA RINI","LEGA PER SALVINI PREMIER - FORZA ITALIA - NOI MODERATI - FRATELLI D'ITALIA",305
DONNAS,"GIOVANNI GIRARDINI","LA RENAISSANCE VALDÔTAINE",38
DONNAS,"DAVIDE IANNI","PARTITO COMUNISTA ITALIANO",32
DONNAS,"LOREDANA DE ROSA","UNIONE POPOLARE CON DE MAGISTRIS",31
DONNAS,"FRANCO MANES","VALLÉE D’AOSTE – AUTONOMIE PROGRÈS FÉDÉRALISME",500
DOUES,"LOREDANA AUGUSTA RONC","ITALIA SOVRANA E POPOLARE",6
DOUES,"ERIKA GUICHARDAZ","VALLE D'AOSTA APERTA",9
DOUES,"EMILY MARINELLA RINI","LEGA PER SALVINI PREMIER - FORZA ITALIA - NOI MODERATI - FRATELLI D'ITALIA",36
DOUES,"GIOVANNI GIRARDINI","LA RENAISSANCE VALDÔTAINE",11
DOUES,"DAVIDE IANNI","PARTITO COMUNISTA ITALIANO",2
DOUES,"LOREDANA DE ROSA","UNIONE POPOLARE CON DE MAGISTRIS",2
DOUES,"FRANCO MANES","VALLÉE D’AOSTE – AUTONOMIE PROGRÈS FÉDÉRALISME",248
EMARESE,"LOREDANA AUGUSTA RONC","ITALIA SOVRANA E POPOLARE",6
EMARESE,"ERIKA GUICHARDAZ","VALLE D'AOSTA APERTA",6
EMARESE,"EMILY MARINELLA RINI","LEGA PER SALVINI PREMIER - FORZA ITALIA - NOI MODERATI - FRATELLI D'ITALIA",20
EMARESE,"GIOVANNI GIRARDINI","LA RENAISSANCE VALDÔTAINE",13
EMARESE,"DAVIDE IANNI","PARTITO COMUNISTA ITALIANO",1
EMARESE,"LOREDANA DE ROSA","UNIONE POPOLARE CON DE MAGISTRIS",3
EMARESE,"FRANCO MANES","VALLÉE D’AOSTE – AUTONOMIE PROGRÈS FÉDÉRALISME",53
ETROUBLES,"LOREDANA AUGUSTA RONC","ITALIA SOVRANA E POPOLARE",7
ETROUBLES,"ERIKA GUICHARDAZ","VALLE D'AOSTA APERTA",10
ETROUBLES,"EMILY MARINELLA RINI","LEGA PER SALVINI PREMIER - FORZA ITALIA - NOI MODERATI - FRATELLI D'ITALIA",46
ETROUBLES,"GIOVANNI GIRARDINI","LA RENAISSANCE VALDÔTAINE",16
ETROUBLES,"DAVIDE IANNI","PARTITO COMUNISTA ITALIANO",1
ETROUBLES,"LOREDANA DE ROSA","UNIONE POPOLARE CON DE MAGISTRIS",6
ETROUBLES,"FRANCO MANES","VALLÉE D’AOSTE – AUTONOMIE PROGRÈS FÉDÉRALISME",118
FENIS,"LOREDANA AUGUSTA RONC","ITALIA SOVRANA E POPOLARE",37
FENIS,"ERIKA GUICHARDAZ","VALLE D'AOSTA APERTA",65
FENIS,"EMILY MARINELLA RINI","LEGA PER SALVINI PREMIER - FORZA ITALIA - NOI MODERATI - FRATELLI D'ITALIA",193
FENIS,"GIOVANNI GIRARDINI","LA RENAISSANCE VALDÔTAINE",60
FENIS,"DAVIDE IANNI","PARTITO COMUNISTA ITALIANO",17
FENIS,"LOREDANA DE ROSA","UNIONE POPOLARE CON DE MAGISTRIS",17
FENIS,"FRANCO MANES","VALLÉE D’AOSTE – AUTONOMIE PROGRÈS FÉDÉRALISME",302
FONTAINEMORE,"LOREDANA AUGUSTA RONC","ITALIA SOVRANA E POPOLARE",4
FONTAINEMORE,"ERIKA GUICHARDAZ","VALLE D'AOSTA APERTA",23
FONTAINEMORE,"EMILY MARINELLA RINI","LEGA PER SALVINI PREMIER - FORZA ITALIA - NOI MODERATI - FRATELLI D'ITALIA",51
FONTAINEMORE,"GIOVANNI GIRARDINI","LA RENAISSANCE VALDÔTAINE",10
FONTAINEMORE,"DAVIDE IANNI","PARTITO COMUNISTA ITALIANO",6
FONTAINEMORE,"LOREDANA DE ROSA","UNIONE POPOLARE CON DE MAGISTRIS",4
FONTAINEMORE,"FRANCO MANES","VALLÉE D’AOSTE – AUTONOMIE PROGRÈS FÉDÉRALISME",50
GABY,"LOREDANA AUGUSTA RONC","ITALIA SOVRANA E POPOLARE",1
GABY,"ERIKA GUICHARDAZ","VALLE D'AOSTA APERTA",27
GABY,"EMILY MARINELLA RINI","LEGA PER SALVINI PREMIER - FORZA ITALIA - NOI MODERATI - FRATELLI D'ITALIA",64
GABY,"GIOVANNI GIRARDINI","LA RENAISSANCE VALDÔTAINE",6
GABY,"DAVIDE IANNI","PARTITO COMUNISTA ITALIANO",4
GABY,"LOREDANA DE ROSA","UNIONE POPOLARE CON DE MAGISTRIS",6
GABY,"FRANCO MANES","VALLÉE D’AOSTE – AUTONOMIE PROGRÈS FÉDÉRALISME",78
GIGNOD,"LOREDANA AUGUSTA RONC","ITALIA SOVRANA E POPOLARE",38
GIGNOD,"ERIKA GUICHARDAZ","VALLE D'AOSTA APERTA",82
GIGNOD,"EMILY MARINELLA RINI","LEGA PER SALVINI PREMIER - FORZA ITALIA - NOI MODERATI - FRATELLI D'ITALIA",153
GIGNOD,"GIOVANNI GIRARDINI","LA RENAISSANCE VALDÔTAINE",109
GIGNOD,"DAVIDE IANNI","PARTITO COMUNISTA ITALIANO",15
GIGNOD,"LOREDANA DE ROSA","UNIONE POPOLARE CON DE MAGISTRIS",19
GIGNOD,"FRANCO MANES","VALLÉE D’AOSTE – AUTONOMIE PROGRÈS FÉDÉRALISME",327
GRESSAN,"LOREDANA AUGUSTA RONC","ITALIA SOVRANA E POPOLARE",48
GRESSAN,"ERIKA GUICHARDAZ","VALLE D'AOSTA APERTA",247
GRESSAN,"EMILY MARINELLA RINI","LEGA PER SALVINI PREMIER - FORZA ITALIA - NOI MODERATI - FRATELLI D'ITALIA",400
GRESSAN,"GIOVANNI GIRARDINI","LA RENAISSANCE VALDÔTAINE",314
GRESSAN,"DAVIDE IANNI","PARTITO COMUNISTA ITALIANO",21
GRESSAN,"LOREDANA DE ROSA","UNIONE POPOLARE CON DE MAGISTRIS",29
GRESSAN,"FRANCO MANES","VALLÉE D’AOSTE – AUTONOMIE PROGRÈS FÉDÉRALISME",484
GRESSONEY-LA-TRINITE',"LOREDANA AUGUSTA RONC","ITALIA SOVRANA E POPOLARE",5
GRESSONEY-LA-TRINITE',"ERIKA GUICHARDAZ","VALLE D'AOSTA APERTA",15
GRESSONEY-LA-TRINITE',"EMILY MARINELLA RINI","LEGA PER SALVINI PREMIER - FORZA ITALIA - NOI MODERATI - FRATELLI D'ITALIA",45
GRESSONEY-LA-TRINITE',"GIOVANNI GIRARDINI","LA RENAISSANCE VALDÔTAINE",2
GRESSONEY-LA-TRINITE',"DAVIDE IANNI","PARTITO COMUNISTA ITALIANO",2
GRESSONEY-LA-TRINITE',"LOREDANA DE ROSA","UNIONE POPOLARE CON DE MAGISTRIS",1
GRESSONEY-LA-TRINITE',"FRANCO MANES","VALLÉE D’AOSTE – AUTONOMIE PROGRÈS FÉDÉRALISME",65
GRESSONEY-SAINT-JEAN,"LOREDANA AUGUSTA RONC","ITALIA SOVRANA E POPOLARE",11
GRESSONEY-SAINT-JEAN,"ERIKA GUICHARDAZ","VALLE D'AOSTA APERTA",39
GRESSONEY-SAINT-JEAN,"EMILY MARINELLA RINI","LEGA PER SALVINI PREMIER - FORZA ITALIA - NOI MODERATI - FRATELLI D'ITALIA",175
GRESSONEY-SAINT-JEAN,"GIOVANNI GIRARDINI","LA RENAISSANCE VALDÔTAINE",18
GRESSONEY-SAINT-JEAN,"DAVIDE IANNI","PARTITO COMUNISTA ITALIANO",8
GRESSONEY-SAINT-JEAN,"LOREDANA DE ROSA","UNIONE POPOLARE CON DE MAGISTRIS",3
GRESSONEY-SAINT-JEAN,"FRANCO MANES","VALLÉE D’AOSTE – AUTONOMIE PROGRÈS FÉDÉRALISME",99
HONE,"LOREDANA AUGUSTA RONC","ITALIA SOVRANA E POPOLARE",15
HONE,"ERIKA GUICHARDAZ","VALLE D'AOSTA APERTA",61
HONE,"EMILY MARINELLA RINI","LEGA PER SALVINI PREMIER - FORZA ITALIA - NOI MODERATI - FRATELLI D'ITALIA",160
HONE,"GIOVANNI GIRARDINI","LA RENAISSANCE VALDÔTAINE",24
HONE,"DAVIDE IANNI","PARTITO COMUNISTA ITALIANO",14
HONE,"LOREDANA DE ROSA","UNIONE POPOLARE CON DE MAGISTRIS",24
HONE,"FRANCO MANES","VALLÉE D’AOSTE – AUTONOMIE PROGRÈS FÉDÉRALISME",202
INTROD,"LOREDANA AUGUSTA RONC","ITALIA SOVRANA E POPOLARE",4
INTROD,"ERIKA GUICHARDAZ","VALLE D'AOSTA APERTA",42
INTROD,"EMILY MARINELLA RINI","LEGA PER SALVINI PREMIER - FORZA ITALIA - NOI MODERATI - FRATELLI D'ITALIA",63
INTROD,"GIOVANNI GIRARDINI","LA RENAISSANCE VALDÔTAINE",30
INTROD,"DAVIDE IANNI","PARTITO COMUNISTA ITALIANO",3
INTROD,"LOREDANA DE ROSA","UNIONE POPOLARE CON DE MAGISTRIS",6
INTROD,"FRANCO MANES","VALLÉE D’AOSTE – AUTONOMIE PROGRÈS FÉDÉRALISME",145
ISSIME,"LOREDANA AUGUSTA RONC","ITALIA SOVRANA E POPOLARE",1
ISSIME,"ERIKA GUICHARDAZ","VALLE D'AOSTA APERTA",16
ISSIME,"EMILY MARINELLA RINI","LEGA PER SALVINI PREMIER - FORZA ITALIA - NOI MODERATI - FRATELLI D'ITALIA",69
ISSIME,"GIOVANNI GIRARDINI","LA RENAISSANCE VALDÔTAINE",4
ISSIME,"DAVIDE IANNI","PARTITO COMUNISTA ITALIANO",5
ISSIME,"LOREDANA DE ROSA","UNIONE POPOLARE CON DE MAGISTRIS",3
ISSIME,"FRANCO MANES","VALLÉE D’AOSTE – AUTONOMIE PROGRÈS FÉDÉRALISME",75
ISSOGNE,"LOREDANA AUGUSTA RONC","ITALIA SOVRANA E POPOLARE",20
ISSOGNE,"ERIKA GUICHARDAZ","VALLE D'AOSTA APERTA",61
ISSOGNE,"EMILY MARINELLA RINI","LEGA PER SALVINI PREMIER - FORZA ITALIA - NOI MODERATI - FRATELLI D'ITALIA",162
ISSOGNE,"GIOVANNI GIRARDINI","LA RENAISSANCE VALDÔTAINE",40
ISSOGNE,"DAVIDE IANNI","PARTITO COMUNISTA ITALIANO",29
ISSOGNE,"LOREDANA DE ROSA","UNIONE POPOLARE CON DE MAGISTRIS",16
ISSOGNE,"FRANCO MANES","VALLÉE D’AOSTE – AUTONOMIE PROGRÈS FÉDÉRALISME",209
JOVENCAN,"LOREDANA AUGUSTA RONC","ITALIA SOVRANA E POPOLARE",15
JOVENCAN,"ERIKA GUICHARDAZ","VALLE D'AOSTA APERTA",42
JOVENCAN,"EMILY MARINELLA RINI","LEGA PER SALVINI PREMIER - FORZA ITALIA - NOI MODERATI - FRATELLI D'ITALIA",75
JOVENCAN,"GIOVANNI GIRARDINI","LA RENAISSANCE VALDÔTAINE",38
JOVENCAN,"DAVIDE IANNI","PARTITO COMUNISTA ITALIANO",8
JOVENCAN,"LOREDANA DE ROSA","UNIONE POPOLARE CON DE MAGISTRIS",6
JOVENCAN,"FRANCO MANES","VALLÉE D’AOSTE – AUTONOMIE PROGRÈS FÉDÉRALISME",126
"LA MAGDELEINE","LOREDANA AUGUSTA RONC","ITALIA SOVRANA E POPOLARE",1
"LA MAGDELEINE","ERIKA GUICHARDAZ","VALLE D'AOSTA APERTA",9
"LA MAGDELEINE","EMILY MARINELLA RINI","LEGA PER SALVINI PREMIER - FORZA ITALIA - NOI MODERATI - FRATELLI D'ITALIA",24
"LA MAGDELEINE","GIOVANNI GIRARDINI","LA RENAISSANCE VALDÔTAINE",7
"LA MAGDELEINE","DAVIDE IANNI","PARTITO COMUNISTA ITALIANO",2
"LA MAGDELEINE","LOREDANA DE ROSA","UNIONE POPOLARE CON DE MAGISTRIS",0
"LA MAGDELEINE","FRANCO MANES","VALLÉE D’AOSTE – AUTONOMIE PROGRÈS FÉDÉRALISME",20
"LA SALLE","LOREDANA AUGUSTA RONC","ITALIA SOVRANA E POPOLARE",27
"LA SALLE","ERIKA GUICHARDAZ","VALLE D'AOSTA APERTA",68
"LA SALLE","EMILY MARINELLA RINI","LEGA PER SALVINI PREMIER - FORZA ITALIA - NOI MODERATI - FRATELLI D'ITALIA",280
"LA SALLE","GIOVANNI GIRARDINI","LA RENAISSANCE VALDÔTAINE",68
"LA SALLE","DAVIDE IANNI","PARTITO COMUNISTA ITALIANO",8
"LA SALLE","LOREDANA DE ROSA","UNIONE POPOLARE CON DE MAGISTRIS",11
"LA SALLE","FRANCO MANES","VALLÉE D’AOSTE – AUTONOMIE PROGRÈS FÉDÉRALISME",337
"LA THUILE","LOREDANA AUGUSTA RONC","ITALIA SOVRANA E POPOLARE",4
"LA THUILE","ERIKA GUICHARDAZ","VALLE D'AOSTA APERTA",23
"LA THUILE","EMILY MARINELLA RINI","LEGA PER SALVINI PREMIER - FORZA ITALIA - NOI MODERATI - FRATELLI D'ITALIA",173
"LA THUILE","GIOVANNI GIRARDINI","LA RENAISSANCE VALDÔTAINE",24
"LA THUILE","DAVIDE IANNI","PARTITO COMUNISTA ITALIANO",8
"LA THUILE","LOREDANA DE ROSA","UNIONE POPOLARE CON DE MAGISTRIS",8
"LA THUILE","FRANCO MANES","VALLÉE D’AOSTE – AUTONOMIE PROGRÈS FÉDÉRALISME",138
LILLIANES,"LOREDANA AUGUSTA RONC","ITALIA SOVRANA E POPOLARE",7
LILLIANES,"ERIKA GUICHARDAZ","VALLE D'AOSTA APERTA",12
LILLIANES,"EMILY MARINELLA RINI","LEGA PER SALVINI PREMIER - FORZA ITALIA - NOI MODERATI - FRATELLI D'ITALIA",60
LILLIANES,"GIOVANNI GIRARDINI","LA RENAISSANCE VALDÔTAINE",2
LILLIANES,"DAVIDE IANNI","PARTITO COMUNISTA ITALIANO",4
LILLIANES,"LOREDANA DE ROSA","UNIONE POPOLARE CON DE MAGISTRIS",7
LILLIANES,"FRANCO MANES","VALLÉE D’AOSTE – AUTONOMIE PROGRÈS FÉDÉRALISME",66
MONTJOVET,"LOREDANA AUGUSTA RONC","ITALIA SOVRANA E POPOLARE",35
MONTJOVET,"ERIKA GUICHARDAZ","VALLE D'AOSTA APERTA",77
MONTJOVET,"EMILY MARINELLA RINI","LEGA PER SALVINI PREMIER - FORZA ITALIA - NOI MODERATI - FRATELLI D'ITALIA",248
MONTJOVET,"GIOVANNI GIRARDINI","LA RENAISSANCE VALDÔTAINE",51
MONTJOVET,"DAVIDE IANNI","PARTITO COMUNISTA ITALIANO",17
MONTJOVET,"LOREDANA DE ROSA","UNIONE POPOLARE CON DE MAGISTRIS",18
MONTJOVET,"FRANCO MANES","VALLÉE D’AOSTE – AUTONOMIE PROGRÈS FÉDÉRALISME",294
MORGEX,"LOREDANA AUGUSTA RONC","ITALIA SOVRANA E POPOLARE",42
MORGEX,"ERIKA GUICHARDAZ","VALLE D'AOSTA APERTA",96
MORGEX,"EMILY MARINELLA RINI","LEGA PER SALVINI PREMIER - FORZA ITALIA - NOI MODERATI - FRATELLI D'ITALIA",320
MORGEX,"GIOVANNI GIRARDINI","LA RENAISSANCE VALDÔTAINE",62
MORGEX,"DAVIDE IANNI","PARTITO COMUNISTA ITALIANO",23
MORGEX,"LOREDANA DE ROSA","UNIONE POPOLARE CON DE MAGISTRIS",14
MORGEX,"FRANCO MANES","VALLÉE D’AOSTE – AUTONOMIE PROGRÈS FÉDÉRALISME",350
NUS,"LOREDANA AUGUSTA RONC","ITALIA SOVRANA E POPOLARE",52
NUS,"ERIKA GUICHARDAZ","VALLE D'AOSTA APERTA",179
NUS,"EMILY MARINELLA RINI","LEGA PER SALVINI PREMIER - FORZA ITALIA - NOI MODERATI - FRATELLI D'ITALIA",390
NUS,"GIOVANNI GIRARDINI","LA RENAISSANCE VALDÔTAINE",140
NUS,"DAVIDE IANNI","PARTITO COMUNISTA ITALIANO",19
NUS,"LOREDANA DE ROSA","UNIONE POPOLARE CON DE MAGISTRIS",22
NUS,"FRANCO MANES","VALLÉE D’AOSTE – AUTONOMIE PROGRÈS FÉDÉRALISME",503
OLLOMONT,"LOREDANA AUGUSTA RONC","ITALIA SOVRANA E POPOLARE",0
OLLOMONT,"ERIKA GUICHARDAZ","VALLE D'AOSTA APERTA",6
OLLOMONT,"EMILY MARINELLA RINI","LEGA PER SALVINI PREMIER - FORZA ITALIA - NOI MODERATI - FRATELLI D'ITALIA",18
OLLOMONT,"GIOVANNI GIRARDINI","LA RENAISSANCE VALDÔTAINE",8
OLLOMONT,"DAVIDE IANNI","PARTITO COMUNISTA ITALIANO",1
OLLOMONT,"LOREDANA DE ROSA","UNIONE POPOLARE CON DE MAGISTRIS",4
OLLOMONT,"FRANCO MANES","VALLÉE D’AOSTE – AUTONOMIE PROGRÈS FÉDÉRALISME",49
OYACE,"LOREDANA AUGUSTA RONC","ITALIA SOVRANA E POPOLARE",3
OYACE,"ERIKA GUICHARDAZ","VALLE D'AOSTA APERTA",4
OYACE,"EMILY MARINELLA RINI","LEGA PER SALVINI PREMIER - FORZA ITALIA - NOI MODERATI - FRATELLI D'ITALIA",16
OYACE,"GIOVANNI GIRARDINI","LA RENAISSANCE VALDÔTAINE",8
OYACE,"DAVIDE IANNI","PARTITO COMUNISTA ITALIANO",0
OYACE,"LOREDANA DE ROSA","UNIONE POPOLARE CON DE MAGISTRIS",1
OYACE,"FRANCO MANES","VALLÉE D’AOSTE – AUTONOMIE PROGRÈS FÉDÉRALISME",61
PERLOZ,"LOREDANA AUGUSTA RONC","ITALIA SOVRANA E POPOLARE",12
PERLOZ,"ERIKA GUICHARDAZ","VALLE D'AOSTA APERTA",29
PERLOZ,"EMILY MARINELLA RINI","LEGA PER SALVINI PREMIER - FORZA ITALIA - NOI MODERATI - FRATELLI D'ITALIA",77
PERLOZ,"GIOVANNI GIRARDINI","LA RENAISSANCE VALDÔTAINE",8
PERLOZ,"DAVIDE IANNI","PARTITO COMUNISTA ITALIANO",5
PERLOZ,"LOREDANA DE ROSA","UNIONE POPOLARE CON DE MAGISTRIS",4
PERLOZ,"FRANCO MANES","VALLÉE D’AOSTE – AUTONOMIE PROGRÈS FÉDÉRALISME",81
POLLEIN,"LOREDANA AUGUSTA RONC","ITALIA SOVRANA E POPOLARE",28
POLLEIN,"ERIKA GUICHARDAZ","VALLE D'AOSTA APERTA",83
POLLEIN,"EMILY MARINELLA RINI","LEGA PER SALVINI PREMIER - FORZA ITALIA - NOI MODERATI - FRATELLI D'ITALIA",173
POLLEIN,"GIOVANNI GIRARDINI","LA RENAISSANCE VALDÔTAINE",82
POLLEIN,"DAVIDE IANNI","PARTITO COMUNISTA ITALIANO",10
POLLEIN,"LOREDANA DE ROSA","UNIONE POPOLARE CON DE MAGISTRIS",10
POLLEIN,"FRANCO MANES","VALLÉE D’AOSTE – AUTONOMIE PROGRÈS FÉDÉRALISME",243
PONTBOSET,"LOREDANA AUGUSTA RONC","ITALIA SOVRANA E POPOLARE",4
PONTBOSET,"ERIKA GUICHARDAZ","VALLE D'AOSTA APERTA",14
PONTBOSET,"EMILY MARINELLA RINI","LEGA PER SALVINI PREMIER - FORZA ITALIA - NOI MODERATI - FRATELLI D'ITALIA",22
PONTBOSET,"GIOVANNI GIRARDINI","LA RENAISSANCE VALDÔTAINE",2
PONTBOSET,"DAVIDE IANNI","PARTITO COMUNISTA ITALIANO",4
PONTBOSET,"LOREDANA DE ROSA","UNIONE POPOLARE CON DE MAGISTRIS",3
PONTBOSET,"FRANCO MANES","VALLÉE D’AOSTE – AUTONOMIE PROGRÈS FÉDÉRALISME",26
PONTEY,"LOREDANA AUGUSTA RONC","ITALIA SOVRANA E POPOLARE",14
PONTEY,"ERIKA GUICHARDAZ","VALLE D'AOSTA APERTA",41
PONTEY,"EMILY MARINELLA RINI","LEGA PER SALVINI PREMIER - FORZA ITALIA - NOI MODERATI - FRATELLI D'ITALIA",103
PONTEY,"GIOVANNI GIRARDINI","LA RENAISSANCE VALDÔTAINE",34
PONTEY,"DAVIDE IANNI","PARTITO COMUNISTA ITALIANO",5
PONTEY,"LOREDANA DE ROSA","UNIONE POPOLARE CON DE MAGISTRIS",11
PONTEY,"FRANCO MANES","VALLÉE D’AOSTE – AUTONOMIE PROGRÈS FÉDÉRALISME",142
PONT-SAINT-MARTIN,"LOREDANA AUGUSTA RONC","ITALIA SOVRANA E POPOLARE",78
PONT-SAINT-MARTIN,"ERIKA GUICHARDAZ","VALLE D'AOSTA APERTA",200
PONT-SAINT-MARTIN,"EMILY MARINELLA RINI","LEGA PER SALVINI PREMIER - FORZA ITALIA - NOI MODERATI - FRATELLI D'ITALIA",517
PONT-SAINT-MARTIN,"GIOVANNI GIRARDINI","LA RENAISSANCE VALDÔTAINE",62
PONT-SAINT-MARTIN,"DAVIDE IANNI","PARTITO COMUNISTA ITALIANO",45
PONT-SAINT-MARTIN,"LOREDANA DE ROSA","UNIONE POPOLARE CON DE MAGISTRIS",56
PONT-SAINT-MARTIN,"FRANCO MANES","VALLÉE D’AOSTE – AUTONOMIE PROGRÈS FÉDÉRALISME",558
PRE'-SAINT-DIDIER,"LOREDANA AUGUSTA RONC","ITALIA SOVRANA E POPOLARE",14
PRE'-SAINT-DIDIER,"ERIKA GUICHARDAZ","VALLE D'AOSTA APERTA",33
PRE'-SAINT-DIDIER,"EMILY MARINELLA RINI","LEGA PER SALVINI PREMIER - FORZA ITALIA - NOI MODERATI - FRATELLI D'ITALIA",161
PRE'-SAINT-DIDIER,"GIOVANNI GIRARDINI","LA RENAISSANCE VALDÔTAINE",24
PRE'-SAINT-DIDIER,"DAVIDE IANNI","PARTITO COMUNISTA ITALIANO",10
PRE'-SAINT-DIDIER,"LOREDANA DE ROSA","UNIONE POPOLARE CON DE MAGISTRIS",3
PRE'-SAINT-DIDIER,"FRANCO MANES","VALLÉE D’AOSTE – AUTONOMIE PROGRÈS FÉDÉRALISME",148
QUART,"LOREDANA AUGUSTA RONC","ITALIA SOVRANA E POPOLARE",68
QUART,"ERIKA GUICHARDAZ","VALLE D'AOSTA APERTA",233
QUART,"EMILY MARINELLA RINI","LEGA PER SALVINI PREMIER - FORZA ITALIA - NOI MODERATI - FRATELLI D'ITALIA",468
QUART,"GIOVANNI GIRARDINI","LA RENAISSANCE VALDÔTAINE",254
QUART,"DAVIDE IANNI","PARTITO COMUNISTA ITALIANO",29
QUART,"LOREDANA DE ROSA","UNIONE POPOLARE CON DE MAGISTRIS",35
QUART,"FRANCO MANES","VALLÉE D’AOSTE – AUTONOMIE PROGRÈS FÉDÉRALISME",622
RHEMES-NOTRE-DAME,"LOREDANA AUGUSTA RONC","ITALIA SOVRANA E POPOLARE",0
RHEMES-NOTRE-DAME,"ERIKA GUICHARDAZ","VALLE D'AOSTA APERTA",4
RHEMES-NOTRE-DAME,"EMILY MARINELLA RINI","LEGA PER SALVINI PREMIER - FORZA ITALIA - NOI MODERATI - FRATELLI D'ITALIA",4
RHEMES-NOTRE-DAME,"GIOVANNI GIRARDINI","LA RENAISSANCE VALDÔTAINE",2
RHEMES-NOTRE-DAME,"DAVIDE IANNI","PARTITO COMUNISTA ITALIANO",0
RHEMES-NOTRE-DAME,"LOREDANA DE ROSA","UNIONE POPOLARE CON DE MAGISTRIS",5
RHEMES-NOTRE-DAME,"FRANCO MANES","VALLÉE D’AOSTE – AUTONOMIE PROGRÈS FÉDÉRALISME",22
RHEMES-SAINT-GEORGES,"LOREDANA AUGUSTA RONC","ITALIA SOVRANA E POPOLARE",1
RHEMES-SAINT-GEORGES,"ERIKA GUICHARDAZ","VALLE D'AOSTA APERTA",3
RHEMES-SAINT-GEORGES,"EMILY MARINELLA RINI","LEGA PER SALVINI PREMIER - FORZA ITALIA - NOI MODERATI - FRATELLI D'ITALIA",10
RHEMES-SAINT-GEORGES,"GIOVANNI GIRARDINI","LA RENAISSANCE VALDÔTAINE",12
RHEMES-SAINT-GEORGES,"DAVIDE IANNI","PARTITO COMUNISTA ITALIANO",4
RHEMES-SAINT-GEORGES,"LOREDANA DE ROSA","UNIONE POPOLARE CON DE MAGISTRIS",0
RHEMES-SAINT-GEORGES,"FRANCO MANES","VALLÉE D’AOSTE – AUTONOMIE PROGRÈS FÉDÉRALISME",38
ROISAN,"LOREDANA AUGUSTA RONC","ITALIA SOVRANA E POPOLARE",20
ROISAN,"ERIKA GUICHARDAZ","VALLE D'AOSTA APERTA",52
ROISAN,"EMILY MARINELLA RINI","LEGA PER SALVINI PREMIER - FORZA ITALIA - NOI MODERATI - FRATELLI D'ITALIA",107
ROISAN,"GIOVANNI GIRARDINI","LA RENAISSANCE VALDÔTAINE",50
ROISAN,"DAVIDE IANNI","PARTITO COMUNISTA ITALIANO",3
ROISAN,"LOREDANA DE ROSA","UNIONE POPOLARE CON DE MAGISTRIS",7
ROISAN,"FRANCO MANES","VALLÉE D’AOSTE – AUTONOMIE PROGRÈS FÉDÉRALISME",216
SAINT-CHRISTOPHE,"LOREDANA AUGUSTA RONC","ITALIA SOVRANA E POPOLARE",74
SAINT-CHRISTOPHE,"ERIKA GUICHARDAZ","VALLE D'AOSTA APERTA",174
SAINT-CHRISTOPHE,"EMILY MARINELLA RINI","LEGA PER SALVINI PREMIER - FORZA ITALIA - NOI MODERATI - FRATELLI D'ITALIA",366
SAINT-CHRISTOPHE,"GIOVANNI GIRARDINI","LA RENAISSANCE VALDÔTAINE",207
SAINT-CHRISTOPHE,"DAVIDE IANNI","PARTITO COMUNISTA ITALIANO",24
SAINT-CHRISTOPHE,"LOREDANA DE ROSA","UNIONE POPOLARE CON DE MAGISTRIS",38
SAINT-CHRISTOPHE,"FRANCO MANES","VALLÉE D’AOSTE – AUTONOMIE PROGRÈS FÉDÉRALISME",737
SAINT-DENIS,"LOREDANA AUGUSTA RONC","ITALIA SOVRANA E POPOLARE",8
SAINT-DENIS,"ERIKA GUICHARDAZ","VALLE D'AOSTA APERTA",11
SAINT-DENIS,"EMILY MARINELLA RINI","LEGA PER SALVINI PREMIER - FORZA ITALIA - NOI MODERATI - FRATELLI D'ITALIA",61
SAINT-DENIS,"GIOVANNI GIRARDINI","LA RENAISSANCE VALDÔTAINE",18
SAINT-DENIS,"DAVIDE IANNI","PARTITO COMUNISTA ITALIANO",0
SAINT-DENIS,"LOREDANA DE ROSA","UNIONE POPOLARE CON DE MAGISTRIS",4
SAINT-DENIS,"FRANCO MANES","VALLÉE D’AOSTE – AUTONOMIE PROGRÈS FÉDÉRALISME",56
SAINT-MARCEL,"LOREDANA AUGUSTA RONC","ITALIA SOVRANA E POPOLARE",25
SAINT-MARCEL,"ERIKA GUICHARDAZ","VALLE D'AOSTA APERTA",84
SAINT-MARCEL,"EMILY MARINELLA RINI","LEGA PER SALVINI PREMIER - FORZA ITALIA - NOI MODERATI - FRATELLI D'ITALIA",131
SAINT-MARCEL,"GIOVANNI GIRARDINI","LA RENAISSANCE VALDÔTAINE",75
SAINT-MARCEL,"DAVIDE IANNI","PARTITO COMUNISTA ITALIANO",13
SAINT-MARCEL,"LOREDANA DE ROSA","UNIONE POPOLARE CON DE MAGISTRIS",9
SAINT-MARCEL,"FRANCO MANES","VALLÉE D’AOSTE – AUTONOMIE PROGRÈS FÉDÉRALISME",205
SAINT-NICOLAS,"LOREDANA AUGUSTA RONC","ITALIA SOVRANA E POPOLARE",8
SAINT-NICOLAS,"ERIKA GUICHARDAZ","VALLE D'AOSTA APERTA",11
SAINT-NICOLAS,"EMILY MARINELLA RINI","LEGA PER SALVINI PREMIER - FORZA ITALIA - NOI MODERATI - FRATELLI D'ITALIA",43
SAINT-NICOLAS,"GIOVANNI GIRARDINI","LA RENAISSANCE VALDÔTAINE",9
SAINT-NICOLAS,"DAVIDE IANNI","PARTITO COMUNISTA ITALIANO",3
SAINT-NICOLAS,"LOREDANA DE ROSA","UNIONE POPOLARE CON DE MAGISTRIS",4
SAINT-NICOLAS,"FRANCO MANES","VALLÉE D’AOSTE – AUTONOMIE PROGRÈS FÉDÉRALISME",75
SAINT-OYEN,"LOREDANA AUGUSTA RONC","ITALIA SOVRANA E POPOLARE",1
SAINT-OYEN,"ERIKA GUICHARDAZ","VALLE D'AOSTA APERTA",5
SAINT-OYEN,"EMILY MARINELLA RINI","LEGA PER SALVINI PREMIER - FORZA ITALIA - NOI MODERATI - FRATELLI D'ITALIA",19
SAINT-OYEN,"GIOVANNI GIRARDINI","LA RENAISSANCE VALDÔTAINE",5
SAINT-OYEN,"DAVIDE IANNI","PARTITO COMUNISTA ITALIANO",3
SAINT-OYEN,"LOREDANA DE ROSA","UNIONE POPOLARE CON DE MAGISTRIS",3
SAINT-OYEN,"FRANCO MANES","VALLÉE D’AOSTE – AUTONOMIE PROGRÈS FÉDÉRALISME",90
SAINT-PIERRE,"LOREDANA AUGUSTA RONC","ITALIA SOVRANA E POPOLARE",90
SAINT-PIERRE,"ERIKA GUICHARDAZ","VALLE D'AOSTA APERTA",129
SAINT-PIERRE,"EMILY MARINELLA RINI","LEGA PER SALVINI PREMIER - FORZA ITALIA - NOI MODERATI - FRATELLI D'ITALIA",421
SAINT-PIERRE,"GIOVANNI GIRARDINI","LA RENAISSANCE VALDÔTAINE",187
SAINT-PIERRE,"DAVIDE IANNI","PARTITO COMUNISTA ITALIANO",26
SAINT-PIERRE,"LOREDANA DE ROSA","UNIONE POPOLARE CON DE MAGISTRIS",33
SAINT-PIERRE,"FRANCO MANES","VALLÉE D’AOSTE – AUTONOMIE PROGRÈS FÉDÉRALISME",463
SAINT-RHEMY-EN-BOSSES,"LOREDANA AUGUSTA RONC","ITALIA SOVRANA E POPOLARE",9
SAINT-RHEMY-EN-BOSSES,"ERIKA GUICHARDAZ","VALLE D'AOSTA APERTA",15
SAINT-RHEMY-EN-BOSSES,"EMILY MARINELLA RINI","LEGA PER SALVINI PREMIER - FORZA ITALIA - NOI MODERATI - FRATELLI D'ITALIA",29
SAINT-RHEMY-EN-BOSSES,"GIOVANNI GIRARDINI","LA RENAISSANCE VALDÔTAINE",15
SAINT-RHEMY-EN-BOSSES,"DAVIDE IANNI","PARTITO COMUNISTA ITALIANO",0
SAINT-RHEMY-EN-BOSSES,"LOREDANA DE ROSA","UNIONE POPOLARE CON DE MAGISTRIS",2
SAINT-RHEMY-EN-BOSSES,"FRANCO MANES","VALLÉE D’AOSTE – AUTONOMIE PROGRÈS FÉDÉRALISME",95
SAINT-VINCENT,"LOREDANA AUGUSTA RONC","ITALIA SOVRANA E POPOLARE",93
SAINT-VINCENT,"ERIKA GUICHARDAZ","VALLE D'AOSTA APERTA",174
SAINT-VINCENT,"EMILY MARINELLA RINI","LEGA PER SALVINI PREMIER - FORZA ITALIA - NOI MODERATI - FRATELLI D'ITALIA",695
SAINT-VINCENT,"GIOVANNI GIRARDINI","LA RENAISSANCE VALDÔTAINE",163
SAINT-VINCENT,"DAVIDE IANNI","PARTITO COMUNISTA ITALIANO",41
SAINT-VINCENT,"LOREDANA DE ROSA","UNIONE POPOLARE CON DE MAGISTRIS",55
SAINT-VINCENT,"FRANCO MANES","VALLÉE D’AOSTE – AUTONOMIE PROGRÈS FÉDÉRALISME",614
SARRE,"LOREDANA AUGUSTA RONC","ITALIA SOVRANA E POPOLARE",121
SARRE,"ERIKA GUICHARDAZ","VALLE D'AOSTA APERTA",254
SARRE,"EMILY MARINELLA RINI","LEGA PER SALVINI PREMIER - FORZA ITALIA - NOI MODERATI - FRATELLI D'ITALIA",592
SARRE,"GIOVANNI GIRARDINI","LA RENAISSANCE VALDÔTAINE",356
SARRE,"DAVIDE IANNI","PARTITO COMUNISTA ITALIANO",33
SARRE,"LOREDANA DE ROSA","UNIONE POPOLARE CON DE MAGISTRIS",54
SARRE,"FRANCO MANES","VALLÉE D’AOSTE – AUTONOMIE PROGRÈS FÉDÉRALISME",803
TORGNON,"LOREDANA AUGUSTA RONC","ITALIA SOVRANA E POPOLARE",9
TORGNON,"ERIKA GUICHARDAZ","VALLE D'AOSTA APERTA",12
TORGNON,"EMILY MARINELLA RINI","LEGA PER SALVINI PREMIER - FORZA ITALIA - NOI MODERATI - FRATELLI D'ITALIA",92
TORGNON,"GIOVANNI GIRARDINI","LA RENAISSANCE VALDÔTAINE",14
TORGNON,"DAVIDE IANNI","PARTITO COMUNISTA ITALIANO",2
TORGNON,"LOREDANA DE ROSA","UNIONE POPOLARE CON DE MAGISTRIS",4
TORGNON,"FRANCO MANES","VALLÉE D’AOSTE – AUTONOMIE PROGRÈS FÉDÉRALISME",116
VALGRISENCHE,"LOREDANA AUGUSTA RONC","ITALIA SOVRANA E POPOLARE",2
VALGRISENCHE,"ERIKA GUICHARDAZ","VALLE D'AOSTA APERTA",9
VALGRISENCHE,"EMILY MARINELLA RINI","LEGA PER SALVINI PREMIER - FORZA ITALIA - NOI MODERATI - FRATELLI D'ITALIA",18
VALGRISENCHE,"GIOVANNI GIRARDINI","LA RENAISSANCE VALDÔTAINE",5
VALGRISENCHE,"DAVIDE IANNI","PARTITO COMUNISTA ITALIANO",1
VALGRISENCHE,"LOREDANA DE ROSA","UNIONE POPOLARE CON DE MAGISTRIS",1
VALGRISENCHE,"FRANCO MANES","VALLÉE D’AOSTE – AUTONOMIE PROGRÈS FÉDÉRALISME",67
VALPELLINE,"LOREDANA AUGUSTA RONC","ITALIA SOVRANA E POPOLARE",8
VALPELLINE,"ERIKA GUICHARDAZ","VALLE D'AOSTA APERTA",39
VALPELLINE,"EMILY MARINELLA RINI","LEGA PER SALVINI PREMIER - FORZA ITALIA - NOI MODERATI - FRATELLI D'ITALIA",45
VALPELLINE,"GIOVANNI GIRARDINI","LA RENAISSANCE VALDÔTAINE",16
VALPELLINE,"DAVIDE IANNI","PARTITO COMUNISTA ITALIANO",7
VALPELLINE,"LOREDANA DE ROSA","UNIONE POPOLARE CON DE MAGISTRIS",0
VALPELLINE,"FRANCO MANES","VALLÉE D’AOSTE – AUTONOMIE PROGRÈS FÉDÉRALISME",156
VALSAVARENCHE,"LOREDANA AUGUSTA RONC","ITALIA SOVRANA E POPOLARE",3
VALSAVARENCHE,"ERIKA GUICHARDAZ","VALLE D'AOSTA APERTA",6
VALSAVARENCHE,"EMILY MARINELLA RINI","LEGA PER SALVINI PREMIER - FORZA ITALIA - NOI MODERATI - FRATELLI D'ITALIA",16
VALSAVARENCHE,"GIOVANNI GIRARDINI","LA RENAISSANCE VALDÔTAINE",15
VALSAVARENCHE,"DAVIDE IANNI","PARTITO COMUNISTA ITALIANO",2
VALSAVARENCHE,"LOREDANA DE ROSA","UNIONE POPOLARE CON DE MAGISTRIS",1
VALSAVARENCHE,"FRANCO MANES","VALLÉE D’AOSTE – AUTONOMIE PROGRÈS FÉDÉRALISME",34
VALTOURNENCHE,"LOREDANA AUGUSTA RONC","ITALIA SOVRANA E POPOLARE",26
VALTOURNENCHE,"ERIKA GUICHARDAZ","VALLE D'AOSTA APERTA",63
VALTOURNENCHE,"EMILY MARINELLA RINI","LEGA PER SALVINI PREMIER - FORZA ITALIA - NOI MODERATI - FRATELLI D'ITALIA",400
VALTOURNENCHE,"GIOVANNI GIRARDINI","LA RENAISSANCE VALDÔTAINE",74
VALTOURNENCHE,"DAVIDE IANNI","PARTITO COMUNISTA ITALIANO",14
VALTOURNENCHE,"LOREDANA DE ROSA","UNIONE POPOLARE CON DE MAGISTRIS",24
VALTOURNENCHE,"FRANCO MANES","VALLÉE D’AOSTE – AUTONOMIE PROGRÈS FÉDÉRALISME",258
VERRAYES,"LOREDANA AUGUSTA RONC","ITALIA SOVRANA E POPOLARE",19
VERRAYES,"ERIKA GUICHARDAZ","VALLE D'AOSTA APERTA",52
VERRAYES,"EMILY MARINELLA RINI","LEGA PER SALVINI PREMIER - FORZA ITALIA - NOI MODERATI - FRATELLI D'ITALIA",154
VERRAYES,"GIOVANNI GIRARDINI","LA RENAISSANCE VALDÔTAINE",40
VERRAYES,"DAVIDE IANNI","PARTITO COMUNISTA ITALIANO",12
VERRAYES,"LOREDANA DE ROSA","UNIONE POPOLARE CON DE MAGISTRIS",6
VERRAYES,"FRANCO MANES","VALLÉE D’AOSTE – AUTONOMIE PROGRÈS FÉDÉRALISME",284
VERRES,"LOREDANA AUGUSTA RONC","ITALIA SOVRANA E POPOLARE",41
VERRES,"ERIKA GUICHARDAZ","VALLE D'AOSTA APERTA",141
VERRES,"EMILY MARINELLA RINI","LEGA PER SALVINI PREMIER - FORZA ITALIA - NOI MODERATI - FRATELLI D'ITALIA",354
VERRES,"GIOVANNI GIRARDINI","LA RENAISSANCE VALDÔTAINE",67
VERRES,"DAVIDE IANNI","PARTITO COMUNISTA ITALIANO",30
VERRES,"LOREDANA DE ROSA","UNIONE POPOLARE CON DE MAGISTRIS",50
VERRES,"FRANCO MANES","VALLÉE D’AOSTE – AUTONOMIE PROGRÈS FÉDÉRALISME",407
VILLENEUVE,"LOREDANA AUGUSTA RONC","ITALIA SOVRANA E POPOLARE",26
VILLENEUVE,"ERIKA GUICHARDAZ","VALLE D'AOSTA APERTA",46
VILLENEUVE,"EMILY MARINELLA RINI","LEGA PER SALVINI PREMIER - FORZA ITALIA - NOI MODERATI - FRATELLI D'ITALIA",182
VILLENEUVE,"GIOVANNI GIRARDINI","LA RENAISSANCE VALDÔTAINE",60
VILLENEUVE,"DAVIDE IANNI","PARTITO COMUNISTA ITALIANO",12
VILLENEUVE,"LOREDANA DE ROSA","UNIONE POPOLARE CON DE MAGISTRIS",13
VILLENEUVE,"FRANCO MANES","VALLÉE D’AOSTE – AUTONOMIE PROGRÈS FÉDÉRALISME",207
