n_ord,SourceFile,FileName,FileSize,FilePermissions,FileType,FileTypeExtension,MIMEType,PDFVersion,Linearized,PageCount,Language,TaggedPDF,XMPToolkit,Producer,Creator,CreatorTool,CreateDate,ModifyDate,DocumentID,InstanceID,Author,righe,Format,Part,Conformance,Title,Description,Subject,History,Keywords,MetadataDate,RenditionClass,VersionID,HistoryAction,HistoryInstanceID,HistoryParameters,HistorySoftwareAgent,HistoryWhen,SchemasNamespaceURI,SchemasPrefix,SchemasSchema,SchemasPropertyCategory,SchemasPropertyDescription,SchemasPropertyName,SchemasPropertyValueType,DerivedFromInstanceID,DerivedFromDocumentID,AppleKeywords,ThumbnailWidth,ThumbnailHeight,ThumbnailFormat,ThumbnailImage,OriginalDocumentID,DerivedFromOriginalDocumentID,DerivedFromRenditionClass,HistoryChanged,ManifestLinkForm,ManifestReferenceFilePath,ManifestReferenceDocumentID,ManifestReferenceInstanceID,IngredientsFilePath,IngredientsDocumentID,IngredientsInstanceID,StartupProfile,CreatorSubTool,HasVisibleOverprint,HasVisibleTransparency,NPages,MaxPageSizeW,MaxPageSizeH,MaxPageSizeUnit,FontName,FontFamily,FontFace,FontType,FontVersion,FontComposite,FontFileName,PlateNames,SwatchGroupName,SwatchGroupType,SwatchColorantSwatchName,SwatchColorantMode,SwatchColorantType,SwatchColorantCyan,SwatchColorantMagenta,SwatchColorantYellow,SwatchColorantBlack,SwatchColorantTint,ProfileCMMType,ProfileVersion,ProfileClass,ColorSpaceData,ProfileConnectionSpace,ProfileDateTime,ProfileFileSignature,PrimaryPlatform,CMMFlags,DeviceManufacturer,DeviceModel,DeviceAttributes,RenderingIntent,ConnectionSpaceIlluminant,ProfileCreator,ProfileID,ProfileCopyright,ProfileDescription,MediaWhitePoint,MediaBlackPoint,RedMatrixColumn,GreenMatrixColumn,BlueMatrixColumn,DeviceMfgDesc,DeviceModelDesc,ViewingCondDesc,ViewingCondIlluminant,ViewingCondSurround,ViewingCondIlluminantType,Luminance,MeasurementObserver,MeasurementBacking,MeasurementGeometry,MeasurementFlare,MeasurementIlluminant,Technology,RedTRC,GreenTRC,BlueTRC
7,(7_progr_2_)-programma_azione-italia_viva-calenda.pdf,(7_progr_2_)-programma_azione-italia_viva-calenda.pdf,2955514,644,PDF,PDF,application/pdf,1.7,false,52,it-IT,true,3.1-701,Microsoft速 Word per Microsoft 365,"Franchi De' Cavalieri, Gabriele",Microsoft速 Word per Microsoft 365,2022:08:12 07:15:40+02:00,2022:08:12 07:15:40+02:00,uuid:654A8763-8B90-41D6-A6E0-BAE79620D0CA,uuid:654A8763-8B90-41D6-A6E0-BAE79620D0CA,"Franchi De' Cavalieri, Gabriele",1921,,,,,,,,,,,,,,,,,,,,,,,,,,,,,,,,,,,,,,,,,,,,,,,,,,,,,,,,,,,,,,,,,,,,,,,,,,,,,,,,,,,,,,,,,,,,,,,,,,,,,,,,,,
8,(8_progr_2_)-programma_elettorale_della_lista_europeisti_-_noi_di_centro_-_mastella.pdf,(8_progr_2_)-programma_elettorale_della_lista_europeisti_-_noi_di_centro_-_mastella.pdf,483584,644,PDF,PDF,application/pdf,1.4,false,5,,,"Adobe XMP Core 4.2.1-c041 52.342996, 2008/05/07-20:48:00        ",,,Hewlett-Packard MFP,2022:08:11 13:05:03+02:00,,,,,0,application/pdf,,,,,,,,,,,,,,,,,,,,,,,,,,,,,,,,,,,,,,,,,,,,,,,,,,,,,,,,,,,,,,,,,,,,,,,,,,,,,,,,,,,,,,,,,,,,,,,,,,,,,,,,,
9,(9_progr_2_)-lega_per_salvini_premier.programma.pdf,(9_progr_2_)-lega_per_salvini_premier.programma.pdf,2474083,644,PDF,PDF,application/pdf,1.4,false,14,,,"Adobe XMP Core 4.2.1-c041 52.342996, 2008/05/07-20:48:00",GPL Ghostscript  9.0; modified using iTextSharp 5.0.5 (c) 1T3XT BVBA,mornirolia,PDFCreator Version 1.2.0,2022:08:11 20:41:23+02:00,2022:08:11 20:44:28+02:00,uuid:E268F9554A12A81F9D3CE22D86CFA0F0,,mornirolia,0,application/pdf,1,B,PROGRAMMA-A.pdf,,,,,,,,,,,,,,,,,,,,,,,,,,,,,,,,,,,,,,,,,,,,,,,,,,,,,,,,,,,,,,,,,,,,,,,,,,,,,,,,,,,,,,,,,,,,,,,,,,,,,,
10,(10_progr_2_)-sud_chiama_nord.programma.pdf,(10_progr_2_)-sud_chiama_nord.programma.pdf,1444057,644,PDF,PDF,application/pdf,1.4,true,4,,,"Adobe XMP Core 7.0-c000 79.1357c9e, 2021/07/14-00:39:56        ",,,,2022:08:11 11:10:08Z,2022:08:11 11:20:30+02:00,uuid:31758a06-91a3-412c-9721-84c45fb41387,uuid:e70429a3-2e6b-4014-a6c2-3f62f9687c6d,,0,application/pdf,2,B,,,,,,2022:08:11 11:20:30+02:00,default,1,converted,uuid:94a0e901-f03b-4cbe-95fe-31c062a3d2af,converted to PDF/A-2b,Preflight,2022:08:11 11:20:30+02:00,http://ns.adobe.com/xap/1.0/mm/,xmpMM,XMP Media Management Schema,internal,UUID based identifier for specific incarnation of a document,InstanceID,URI,,,,,,,,,,,,,,,,,,,,,,,,,,,,,,,,,,,,,,,,,,,,,,,,,,,,,,,,,,,,,,,,,,,,,,,,,,,,,,,,,,,
12,(12_progr_2_)-12_-_programma_elettorale.pdf,(12_progr_2_)-12_-_programma_elettorale.pdf,794608,644,PDF,PDF,application/pdf,1.6,true,12,,,"Adobe XMP Core 7.1-c000 79.cb7c5a1, 2022/04/14-05:22:35        ",Develop ineo+ 458,,45C-9,2022:08:22 10:02:46+01:00,2022:08:22 11:42:28+02:00,uuid:6b3e97f507e6160a022e8368a16dcf68,uuid:ee6cf73b-9014-4fbf-a525-899e143ec2b2,,0,application/pdf,,,GILET ARANCIONI - UNIONE CATTOLICA ITALIANA,,,,,2022:08:22 11:42:28+02:00,default,1,,,,,,,,,,,,,uuid:6b3e97f5-07e6-160a-022e-8368a16dcf68,uuid:6b3e97f5-07e6-160a-022e-8368a16dcf68,,,,,,,,,,,,,,,,,,,,,,,,,,,,,,,,,,,,,,,,,,,,,,,,,,,,,,,,,,,,,,,,,,,,,,,,,,,,,,,,,
16,(16_progr_2_)-italexit_per_l_italia.programma.pdf,(16_progr_2_)-italexit_per_l_italia.programma.pdf,1276625,644,PDF,PDF,application/pdf,1.7,false,122,it-IT,true,,iLovePDF,,,,2022:08:11 21:13:43Z,,,,4372,,,,,,,,,,,,,,,,,,,,,,,,,,,,,,,,,,,,,,,,,,,,,,,,,,,,,,,,,,,,,,,,,,,,,,,,,,,,,,,,,,,,,,,,,,,,,,,,,,,,,,,,,,
19,(19_progr_2_)-pci.programma.pdf,(19_progr_2_)-pci.programma.pdf,4949310,644,PDF,PDF,application/pdf,1.4,false,11,,true,PDFNet,Mac OS X 10.11.6 Quartz PDFContext,Marco,Anteprima,2022:08:11 11:29:00Z,2022:08:11 11:29:00Z,,,Marco,0,,1,A,,,,,,,,,,,,,,,,,,,,,,,,,,,,,,,,,,,,,,,,,,,,,,,,,,,,,,,,,,,,,,,,,,,,,,,,,,,,,,,,,,,,,,,,,,,,,,,,,,,,,,,
21,(21_progr_2_)-vita.programma_elettorale.pdf,(21_progr_2_)-vita.programma_elettorale.pdf,5572241,644,PDF,PDF,application/pdf,1.4,false,6,,,3-Heights(TM) XMP Library 6.11.0.7 (http://www.pdf-tools.com),iLovePDF,WorkCentre 6605DN,WorkCentre 6605DN,,2022:08:10 15:08:20Z,,urn:uuid:7A8E109F-2240-4A9C-A1E9-B20CAE38C2C3,,0,application/pdf,1,B,,,,,,2022:08:10 15:08:20Z,,,converted,urn:uuid:7A8E109F-2240-4A9C-A1E9-B20CAE38C2C3,Converted to PDF/A-1b,iLovePDF,2022:08:10 15:08:20Z,,,,,,,,,,,,,,,,,,,,,,,,,,,,,,,,,,,,,,,,,,,,,,,,,,,,,,,,,,,,,,,,,,,,,,,,,,,,,,,,,,,,,,,,,,
22,(22_progr_2_)-programma_firmato1.pdf,(22_progr_2_)-programma_firmato1.pdf,411718,644,PDF,PDF,application/pdf,1.4,false,1,,true,PDFNet,iOS Version 15.5 (Build 19F77) Quartz PDFContext,,Evernote Scannable 2.4,2022:08:10 11:38:50Z,2022:08:10 11:38:50Z,,,,0,,1,A,Scannable-Dokument,,,,,,,,,,,,,,,,,,,,,,,,,,,,,,,,,,,,,,,,,,,,,,,,,,,,,,,,,,,,,,,,,,,,,,,,,,,,,,,,,,,,,,,,,,,,,,,,,,,,,,
29,(29_progr_2_)-programma.pdf,(29_progr_2_)-programma.pdf,62205,644,PDF,PDF,application/pdf,1.4,false,1,,,"Adobe XMP Core 5.2-c001 63.139439, 2010/09/27-13:37:26        ",KONICA MINOLTA bizhub C258,KM_C258,KM_C258,2022:08:11 16:18:42+01:00,2022:08:11 16:18:42+01:00,uuid:6bb6c83207e60b10122a97d7b9607bd7,uuid:6bb6c83207e60b10122a97d7b9607bd7,,0,application/pdf,,,,,,,,2022:08:11 16:18:42+01:00,default,1,,,,,,,,,,,,,uuid:6bb6c832-07e6-0b10-122a-97d7b9607bd7,uuid:6bb6c832-07e6-0b10-122a-97d7b9607bd7,,,,,,,,,,,,,,,,,,,,,,,,,,,,,,,,,,,,,,,,,,,,,,,,,,,,,,,,,,,,,,,,,,,,,,,,,,,,,,,,,
30,(30_progr_2_)-24_progr_politico.pdf,(30_progr_2_)-24_progr_politico.pdf,11499167,644,PDF,PDF,application/pdf,1.4,true,13,,,"Adobe XMP Core 5.4-c006 80.159825, 2016/09/16-03:31:08        ",bizhub C3350,bizhub C3350,bizhub C3350,2018:01:17 19:03:35+01:00,2018:01:22 11:10:07+01:00,uuid:3a14bb28-41f2-4b56-a056-3e262931a87f,uuid:fd579b32-207c-4fcf-9903-b6b03fb7a091,,0,application/pdf,1,B,,,,,,2018:01:22 11:10:07+01:00,default,1,converted,uuid:da5bea50-3b80-43d3-926a-4fae68f05bfc,converted to PDF/A-1b,Preflight,2018:01:22 11:10:06+01:00,http://ns.adobe.com/pdf/1.3/,pdf,Adobe PDF Schema,internal,A name object indicating whether the document has been modified to include trapping information,Trapped,Text,,,,,,,,,,,,,,,,,,,,,,,,,,,,,,,,,,,,,,,,,,,,,,,,,,,,,,,,,,,,,,,,,,,,,,,,,,,,,,,,,,,
35,(35_progr_2_)-progrm_eletto.1.pdf,(35_progr_2_)-progrm_eletto.1.pdf,204994,644,PDF,PDF,application/pdf,1.7,false,1,,,,iLovePDF,,,,2022:08:11 17:33:48Z,,,,0,,,,,,,,,,,,,,,,,,,,,,,,,,,,,,,,,,,,,,,,,,,,,,,,,,,,,,,,,,,,,,,,,,,,,,,,,,,,,,,,,,,,,,,,,,,,,,,,,,,,,,,,,,
43,(43_progr_2_)-pdfa_-_programma_forza_italia_politiche_2022.pdf,(43_progr_2_)-pdfa_-_programma_forza_italia_politiche_2022.pdf,9642240,644,PDF,PDF,application/pdf,1.4,true,18,,,"Adobe XMP Core 7.1-c000 79.cb7c5a1, 2022/04/14-05:22:35        ",RICOH IM C2500,RICOH IM C2500,RICOH IM C2500,2022:08:11 18:21:50+02:00,2022:08:11 18:18:51+02:00,uuid:78ae7a39-686d-41b7-9bb5-7d11f3146edc,uuid:721b1bca-f1da-4bfb-9b34-50b3de15b041,,0,application/pdf,1,B,,,,,,2022:08:11 18:18:51+02:00,default,1,converted,uuid:78ae7a39-686d-41b7-9bb5-7d11f3146edc,converted to PDF/A-1b,Preflight,2022:08:11 18:18:51+02:00,http://ns.adobe.com/pdf/1.3/,pdf,Adobe PDF Schema,internal,A name object indicating whether the document has been modified to include trapping information,Trapped,Text,,,,,,,,,,,,,,,,,,,,,,,,,,,,,,,,,,,,,,,,,,,,,,,,,,,,,,,,,,,,,,,,,,,,,,,,,,,,,,,,,,,
44,(44_progr_2_)-programma_apli_pdf_a.pdf,(44_progr_2_)-programma_apli_pdf_a.pdf,254897,644,PDF,PDF,application/pdf,1.6,true,1,,,"Adobe XMP Core 7.1-c000 79.cb7c5a1, 2022/04/14-05:22:35        ",Acrobat Pro DC 22 Paper Capture Plug-in,Adobe Acrobat 22.2,Adobe Acrobat 22.2,2022:08:11 21:45:20+02:00,2022:08:11 21:46:12+02:00,uuid:c70a6138-2288-2240-b05f-e87c63e4f2f7,uuid:ac3db953-dcb3-aa4c-9d1a-ad9ac8400416,,45,application/pdf,2,B,,,,,,2022:08:11 21:46:12+02:00,default,1,converted,uuid:6b85f1cc-189d-814a-beda-414ab61e6525,converted to PDF/A-2b,Preflight,2022:08:11 21:46:12+02:00,http://ns.adobe.com/pdf/1.3/,pdf,Adobe PDF Schema,internal,A name object indicating whether the document has been modified to include trapping information,Trapped,Text,,,,,,,,,,,,,,,,,,,,,,,,,,,,,,,,,,,,,,,,,,,,,,,,,,,,,,,,,,,,,,,,,,,,,,,,,,,,,,,,,,,
45,(45_progr_2_)-03_programma_e_indicazione_capo_politico.pdf,(45_progr_2_)-03_programma_e_indicazione_capo_politico.pdf,25278116,644,PDF,PDF,application/pdf,1.7,true,5,,,"Adobe XMP Core 7.1-c000 79.cb7c5a1, 2022/04/14-05:22:35        ",,,,2022:08:12 11:01:27+02:00,2022:08:12 11:01:27+02:00,uuid:d2d37554-bafa-4024-9d28-174d456bcdc5,uuid:49fda4e6-9362-4e07-a5c5-7f772cef3113,,0,application/pdf,,,,,,,,2022:08:12 11:01:27+02:00,,,,,,,,,,,,,,,,,,,,,,,,,,,,,,,,,,,,,,,,,,,,,,,,,,,,,,,,,,,,,,,,,,,,,,,,,,,,,,,,,,,,,,,,,,,,,,,,,
48,(48_progr_2_)-programma.pdf,(48_progr_2_)-programma.pdf,23618724,644,PDF,PDF,application/pdf,1.3,false,18,,,,"macOS Versione 12.4 (Build 21F79) Quartz PDFContext, AppendMode 1.1",,,2022:08:12 09:41:31Z,2022:08:12 09:43:40Z,,,,0,,,,,,,,,,,,,,,,,,,,,,,,,,,,,,,,,,,,,,,,,,,,,,,,,,,,,,,,,,,,,,,,,,,,,,,,,,,,,,,,,,,,,,,,,,,,,,,,,,,,,,,,,,
53,(53_progr_2_)-programma.pdf,(53_progr_2_)-programma.pdf,114572,644,PDF,PDF,application/pdf,1.4,false,1,it-IT,true,3.1-701,Microsoft速 Word 2013,Simonetta Sarta,Microsoft速 Word 2013,2022:08:21 15:36:15+02:00,2022:08:21 15:36:15+02:00,uuid:9624CA1C-C539-4777-97DC-1EA6E5391910,uuid:9624CA1C-C539-4777-97DC-1EA6E5391910,Simonetta Sarta,15,,1,A,,,,,,,,,,,,,,,,,,,,,,,,,,,,,,,,,,,,,,,,,,,,,,,,,,,,,,,,,,,,,,,,,,,,,,,,,,,,,,,,,,,,,,,,,,,,,,,,,,,,,,,
54,(54_progr_2_)-programma_impegno_civico-ldm-cd_autenticato.docx.pdf,(54_progr_2_)-programma_impegno_civico-ldm-cd_autenticato.docx.pdf,1484332,644,PDF,PDF,application/pdf,1.3,false,5,,,,,,,,,,,,0,,,,,,,,,,,,,,,,,,,,,,,,,,,,,,,,,,,,,,,,,,,,,,,,,,,,,,,,,,,,,,,,,,,,,,,,,,,,,,,,,,,,,,,,,,,,,,,,,,,,,,,,,,
60,(60_progr_2_)-60_-_programma_elettorale.pdf,(60_progr_2_)-60_-_programma_elettorale.pdf,1194011,644,PDF,PDF,application/pdf,1.6,false,17,,,"Adobe XMP Core 7.1-c000 79.cb7c5a1, 2022/04/14-05:22:35        ",Develop ineo+ 458,,45C-9,2022:08:22 10:05:04+01:00,2022:08:22 11:23:00+02:00,uuid:6b3e97f507e6160a05040b2d88abdb2d,uuid:27570d5b-789b-4200-8890-2d6077d4bb57,,0,application/pdf,,,l'Italia del Meridione,,,,,2022:08:22 11:23+02:00,default,1,,,,,,,,,,,,,uuid:6b3e97f5-07e6-160a-0504-0b2d88abdb2d,uuid:6b3e97f5-07e6-160a-0504-0b2d88abdb2d,,,,,,,,,,,,,,,,,,,,,,,,,,,,,,,,,,,,,,,,,,,,,,,,,,,,,,,,,,,,,,,,,,,,,,,,,,,,,,,,,
65,(65_progr_2_)-programma_di_alleanza_verdi_e_sinistra_in_pdfa.pdf,(65_progr_2_)-programma_di_alleanza_verdi_e_sinistra_in_pdfa.pdf,3238095,644,PDF,PDF,application/pdf,1.4,false,38,,,,Xerox AltaLink C8035,Xerox AltaLink C8035,Xerox AltaLink C8035,2022:08:12 21:52:26Z,2022:08:12 21:52:26Z,,,,2033,,1,B,,,,,,2022:08:12 21:52:26Z,,,,,,,,,,,,,,,,,,,,,,,,,,,,,,,,,,,,,,,,,,,,,,,,,,,,,,,,,,,,,,,,,,,,,,,,,,,,,,,,,,,,,,,,,,,,,,,,,
68,(68_progr_2_)-programma.pdf,(68_progr_2_)-programma.pdf,10466492,644,PDF,PDF,application/pdf,1.4,false,19,,,"Adobe XMP Core 4.2.1-c041 52.342996, 2008/05/07-20:48:00        ",,,hp officejetpro,2022:08:12 11:02:41+00:00,,,,,0,application/pdf,,,,,,,,,,,,,,,,,,,,,,,,,,,,,,,,,,,,,,,,,,,,,,,,,,,,,,,,,,,,,,,,,,,,,,,,,,,,,,,,,,,,,,,,,,,,,,,,,,,,,,,,,
74,(74_progr_2_)-programma_m5s_2022-cuore_e_coraggio.pdf,(74_progr_2_)-programma_m5s_2022-cuore_e_coraggio.pdf,1225195,644,PDF,PDF,application/pdf,1.4,true,13,,,"Adobe XMP Core 6.0-c002 79.164519, 2020/08/25-17:54:00        ",Adobe PDF library 15.00,Adobe Illustrator 25.0 (Macintosh),Adobe Illustrator 25.0 (Macintosh),2022:08:13 15:44:03+02:00,2022:08:13 15:44:03+02:00,xmp.did:5a06e9fb-5696-4b99-819d-44822691cb46,uuid:f4b2cc97-5eb2-f341-96bd-e6db18e76cb9,,468,application/pdf,,,Programma M5S 2022-cuore e coraggio,,,,,2022:08:13 15:44:03+02:00,proof:pdf,,"saved, saved","xmp.iid:c9f1d858-bf67-41b5-a110-187d7a398341, xmp.iid:5a06e9fb-5696-4b99-819d-44822691cb46",,"Adobe Illustrator 25.0 (Macintosh), Adobe Illustrator 25.0 (Macintosh)","2022:08:12 13:17:51+02:00, 2022:08:13 15:43:39+02:00",,,,,,,,uuid:5c7b92f6-43c3-ac47-a793-1ef6f04ec16f,xmp.did:e29d785f-cb05-4bf3-82b5-ca5d64d8fb9f,,256,64,JPEG,"(Binary data 8693 bytes, use -b option to extract)",uuid:5D20892493BFDB11914A8590D31508C8,uuid:5D20892493BFDB11914A8590D31508C8,default,"/, /","EmbedByReference, EmbedByReference, EmbedByReference, EmbedByReference, EmbedByReference, EmbedByReference, EmbedByReference, EmbedByReference, EmbedByReference, EmbedByReference, EmbedByReference, EmbedByReference, EmbedByReference, EmbedByReference, EmbedByReference, EmbedByReference, EmbedByReference, EmbedByReference, EmbedByReference, EmbedByReference, EmbedByReference, EmbedByReference, EmbedByReference, EmbedByReference, EmbedByReference, EmbedByReference, EmbedByReference","/Users/alice/Desktop/M5S/2022/Elezioni/Programma/img/dalla parte  giusta.png, /Users/alice/Desktop/M5S/2022/Elezioni/Programma/img/sfondo blu.jpg, /Users/alice/Desktop/M5S/2022/Elezioni/Programma/img/dalla parte  giusta.png, /Users/alice/Desktop/M5S/2022/Elezioni/Programma/img/sfondo blu.jpg, /Users/alice/Desktop/M5S/2022/Elezioni/Programma/img/dalla parte  giusta.png, /Users/alice/Desktop/M5S/2022/Elezioni/Programma/img/sfondo blu.jpg, /Users/alice/Desktop/M5S/2022/Elezioni/Programma/img/dalla parte  giusta.png, /Users/alice/Desktop/M5S/2022/Elezioni/Programma/img/sfondo blu.jpg, /Users/alice/Desktop/M5S/2022/Elezioni/Programma/img/dalla parte  giusta.png, /Users/alice/Desktop/M5S/2022/Elezioni/Programma/img/sfondo blu.jpg, /Users/alice/Desktop/M5S/2022/Elezioni/Programma/img/dalla parte  giusta.png, /Users/alice/Desktop/M5S/2022/Elezioni/Programma/img/sfondo blu.jpg, /Users/alice/Desktop/M5S/2022/Elezioni/Programma/img/dalla parte  giusta.png, /Users/alice/Desktop/M5S/2022/Elezioni/Programma/img/sfondo blu.jpg, /Users/alice/Desktop/M5S/2022/Elezioni/Programma/img/dalla parte  giusta.png, /Users/alice/Desktop/M5S/2022/Elezioni/Programma/img/sfondo blu.jpg, /Users/alice/Desktop/M5S/2022/Elezioni/Programma/img/dalla parte  giusta.png, /Users/alice/Desktop/M5S/2022/Elezioni/Programma/img/sfondo blu.jpg, /Users/alice/Desktop/M5S/2022/Elezioni/Programma/img/dalla parte  giusta.png, /Users/alice/Desktop/M5S/2022/Elezioni/Programma/img/sfondo blu.jpg, /Users/alice/Desktop/M5S/2022/Elezioni/Programma/img/dalla parte  giusta.png, /Users/alice/Desktop/M5S/2022/Elezioni/Programma/img/sfondo blu.jpg, /Users/alice/Desktop/M5S/2022/Elezioni/Programma/img/dalla parte  giusta.png, /Users/alice/Desktop/M5S/2022/Elezioni/Programma/img/dalla parte  giusta.png, /Users/alice/Desktop/M5S/2022/Elezioni/Programma/sfondo blu.jpg, /Users/alice/Desktop/M5S/2022/Elezioni/Programma/img/sfondo blu.jpg, /Users/alice/Desktop/M5S/2022/Elezioni/Programma/sfondo.jpg","0, adobe:docid:photoshop:46aea761-54b4-b949-9e43-6fb2cb8c9fad, 0, adobe:docid:photoshop:46aea761-54b4-b949-9e43-6fb2cb8c9fad, 0, adobe:docid:photoshop:46aea761-54b4-b949-9e43-6fb2cb8c9fad, 0, adobe:docid:photoshop:46aea761-54b4-b949-9e43-6fb2cb8c9fad, 0, adobe:docid:photoshop:46aea761-54b4-b949-9e43-6fb2cb8c9fad, 0, adobe:docid:photoshop:46aea761-54b4-b949-9e43-6fb2cb8c9fad, 0, adobe:docid:photoshop:46aea761-54b4-b949-9e43-6fb2cb8c9fad, 0, adobe:docid:photoshop:46aea761-54b4-b949-9e43-6fb2cb8c9fad, 0, adobe:docid:photoshop:46aea761-54b4-b949-9e43-6fb2cb8c9fad, 0, adobe:docid:photoshop:46aea761-54b4-b949-9e43-6fb2cb8c9fad, 0, adobe:docid:photoshop:46aea761-54b4-b949-9e43-6fb2cb8c9fad, 0, 0, adobe:docid:photoshop:46aea761-54b4-b949-9e43-6fb2cb8c9fad","0, xmp.iid:03c05dc9-de36-4ba9-8dea-c9c6e32b0e26, 0, xmp.iid:03c05dc9-de36-4ba9-8dea-c9c6e32b0e26, 0, xmp.iid:03c05dc9-de36-4ba9-8dea-c9c6e32b0e26, 0, xmp.iid:03c05dc9-de36-4ba9-8dea-c9c6e32b0e26, 0, xmp.iid:03c05dc9-de36-4ba9-8dea-c9c6e32b0e26, 0, xmp.iid:03c05dc9-de36-4ba9-8dea-c9c6e32b0e26, 0, xmp.iid:03c05dc9-de36-4ba9-8dea-c9c6e32b0e26, 0, xmp.iid:03c05dc9-de36-4ba9-8dea-c9c6e32b0e26, 0, xmp.iid:03c05dc9-de36-4ba9-8dea-c9c6e32b0e26, 0, xmp.iid:03c05dc9-de36-4ba9-8dea-c9c6e32b0e26, 0, xmp.iid:03c05dc9-de36-4ba9-8dea-c9c6e32b0e26, 0, 0, xmp.iid:03c05dc9-de36-4ba9-8dea-c9c6e32b0e26","/Users/alice/Desktop/M5S/2022/Elezioni/Programma/img/dalla parte  giusta.png, /Users/alice/Desktop/M5S/2022/Elezioni/Programma/img/sfondo blu.jpg, /Users/alice/Desktop/M5S/2022/Elezioni/Programma/img/dalla parte  giusta.png, /Users/alice/Desktop/M5S/2022/Elezioni/Programma/img/sfondo blu.jpg, /Users/alice/Desktop/M5S/2022/Elezioni/Programma/img/dalla parte  giusta.png, /Users/alice/Desktop/M5S/2022/Elezioni/Programma/img/sfondo blu.jpg, /Users/alice/Desktop/M5S/2022/Elezioni/Programma/img/dalla parte  giusta.png, /Users/alice/Desktop/M5S/2022/Elezioni/Programma/img/sfondo blu.jpg, /Users/alice/Desktop/M5S/2022/Elezioni/Programma/img/dalla parte  giusta.png, /Users/alice/Desktop/M5S/2022/Elezioni/Programma/img/sfondo blu.jpg, /Users/alice/Desktop/M5S/2022/Elezioni/Programma/img/dalla parte  giusta.png, /Users/alice/Desktop/M5S/2022/Elezioni/Programma/img/sfondo blu.jpg, /Users/alice/Desktop/M5S/2022/Elezioni/Programma/img/dalla parte  giusta.png, /Users/alice/Desktop/M5S/2022/Elezioni/Programma/img/sfondo blu.jpg, /Users/alice/Desktop/M5S/2022/Elezioni/Programma/img/dalla parte  giusta.png, /Users/alice/Desktop/M5S/2022/Elezioni/Programma/img/sfondo blu.jpg, /Users/alice/Desktop/M5S/2022/Elezioni/Programma/img/dalla parte  giusta.png, /Users/alice/Desktop/M5S/2022/Elezioni/Programma/img/sfondo blu.jpg, /Users/alice/Desktop/M5S/2022/Elezioni/Programma/img/dalla parte  giusta.png, /Users/alice/Desktop/M5S/2022/Elezioni/Programma/img/sfondo blu.jpg, /Users/alice/Desktop/M5S/2022/Elezioni/Programma/img/dalla parte  giusta.png, /Users/alice/Desktop/M5S/2022/Elezioni/Programma/img/sfondo blu.jpg, /Users/alice/Desktop/M5S/2022/Elezioni/Programma/img/dalla parte  giusta.png, /Users/alice/Desktop/M5S/2022/Elezioni/Programma/img/dalla parte  giusta.png, /Users/alice/Desktop/M5S/2022/Elezioni/Programma/sfondo blu.jpg, /Users/alice/Desktop/M5S/2022/Elezioni/Programma/img/sfondo blu.jpg, /Users/alice/Desktop/M5S/2022/Elezioni/Programma/sfondo.jpg","0, adobe:docid:photoshop:46aea761-54b4-b949-9e43-6fb2cb8c9fad, 0, adobe:docid:photoshop:46aea761-54b4-b949-9e43-6fb2cb8c9fad, 0, adobe:docid:photoshop:46aea761-54b4-b949-9e43-6fb2cb8c9fad, 0, adobe:docid:photoshop:46aea761-54b4-b949-9e43-6fb2cb8c9fad, 0, adobe:docid:photoshop:46aea761-54b4-b949-9e43-6fb2cb8c9fad, 0, adobe:docid:photoshop:46aea761-54b4-b949-9e43-6fb2cb8c9fad, 0, adobe:docid:photoshop:46aea761-54b4-b949-9e43-6fb2cb8c9fad, 0, adobe:docid:photoshop:46aea761-54b4-b949-9e43-6fb2cb8c9fad, 0, adobe:docid:photoshop:46aea761-54b4-b949-9e43-6fb2cb8c9fad, 0, adobe:docid:photoshop:46aea761-54b4-b949-9e43-6fb2cb8c9fad, 0, adobe:docid:photoshop:46aea761-54b4-b949-9e43-6fb2cb8c9fad, 0, 0, adobe:docid:photoshop:46aea761-54b4-b949-9e43-6fb2cb8c9fad","0, xmp.iid:03c05dc9-de36-4ba9-8dea-c9c6e32b0e26, 0, xmp.iid:03c05dc9-de36-4ba9-8dea-c9c6e32b0e26, 0, xmp.iid:03c05dc9-de36-4ba9-8dea-c9c6e32b0e26, 0, xmp.iid:03c05dc9-de36-4ba9-8dea-c9c6e32b0e26, 0, xmp.iid:03c05dc9-de36-4ba9-8dea-c9c6e32b0e26, 0, xmp.iid:03c05dc9-de36-4ba9-8dea-c9c6e32b0e26, 0, xmp.iid:03c05dc9-de36-4ba9-8dea-c9c6e32b0e26, 0, xmp.iid:03c05dc9-de36-4ba9-8dea-c9c6e32b0e26, 0, xmp.iid:03c05dc9-de36-4ba9-8dea-c9c6e32b0e26, 0, xmp.iid:03c05dc9-de36-4ba9-8dea-c9c6e32b0e26, 0, xmp.iid:03c05dc9-de36-4ba9-8dea-c9c6e32b0e26, 0, 0, xmp.iid:03c05dc9-de36-4ba9-8dea-c9c6e32b0e26",Print,Adobe Illustrator,False,True,1,209.999933,297.000154,Millimeters,"Barlow-Medium, Barlow-MediumItalic, Barlow-SemiBoldItalic, Barlow-Bold, Barlow-BoldItalic, Barlow-ExtraBold","Barlow, Barlow, Barlow, Barlow, Barlow, Barlow","Medium, Medium Italic, SemiBold Italic, Bold, Bold Italic, ExtraBold","TrueType, TrueType, TrueType, TrueType, TrueType, TrueType","Version 1.408, Version 1.408, Version 1.408, Version 1.408, Version 1.408, Version 1.408","False, False, False, False, False, False","Barlow-Medium.ttf, Barlow-MediumItalic.ttf, Barlow-SemiBoldItalic.ttf, Barlow-Bold.ttf, Barlow-BoldItalic.ttf, Barlow-ExtraBold.ttf","Cyan, Magenta, Yellow, Black","Gruppo campioni predefinito, Grigi, Vivaci","0, 1, 1","Bianco, Nero, Rosso CMYK, Giallo CMYK, Verde CMYK, Cyan CMYK, Blu CMYK, Magenta CMYK, C=15 M=100 Y=90 K=10, C=0 M=90 Y=85 K=0, C=0 M=80 Y=95 K=0, C=0 M=50 Y=100 K=0, C=0 M=35 Y=85 K=0, C=5 M=0 Y=90 K=0, C=20 M=0 Y=100 K=0, C=50 M=0 Y=100 K=0, C=75 M=0 Y=100 K=0, C=85 M=10 Y=100 K=10, C=90 M=30 Y=95 K=30, C=75 M=0 Y=75 K=0, C=80 M=10 Y=45 K=0, C=70 M=15 Y=0 K=0, C=85 M=50 Y=0 K=0, C=100 M=95 Y=5 K=0, C=100 M=100 Y=25 K=25, C=75 M=100 Y=0 K=0, C=50 M=100 Y=0 K=0, C=35 M=100 Y=35 K=10, C=10 M=100 Y=50 K=0, C=0 M=95 Y=20 K=0, C=25 M=25 Y=40 K=0, C=40 M=45 Y=50 K=5, C=50 M=50 Y=60 K=25, C=55 M=60 Y=65 K=40, C=25 M=40 Y=65 K=0, C=30 M=50 Y=75 K=10, C=35 M=60 Y=80 K=25, C=40 M=65 Y=90 K=35, C=40 M=70 Y=100 K=50, C=50 M=70 Y=80 K=70, C=7 M=18 Y=93 K=0, C=93 M=59 Y=34 K=21, C=0 M=0 Y=0 K=100, C=0 M=0 Y=0 K=90, C=0 M=0 Y=0 K=80, C=0 M=0 Y=0 K=70, C=0 M=0 Y=0 K=60, C=0 M=0 Y=0 K=50, C=0 M=0 Y=0 K=40, C=0 M=0 Y=0 K=30, C=0 M=0 Y=0 K=20, C=0 M=0 Y=0 K=10, C=0 M=0 Y=0 K=5, C=0 M=100 Y=100 K=0, C=0 M=75 Y=100 K=0, C=0 M=10 Y=95 K=0, C=85 M=10 Y=100 K=0, C=100 M=90 Y=0 K=0, C=60 M=90 Y=0 K=0","CMYK, CMYK, CMYK, CMYK, CMYK, CMYK, CMYK, CMYK, CMYK, CMYK, CMYK, CMYK, CMYK, CMYK, CMYK, CMYK, CMYK, CMYK, CMYK, CMYK, CMYK, CMYK, CMYK, CMYK, CMYK, CMYK, CMYK, CMYK, CMYK, CMYK, CMYK, CMYK, CMYK, CMYK, CMYK, CMYK, CMYK, CMYK, CMYK, CMYK, CMYK, CMYK, CMYK, CMYK, CMYK, CMYK, CMYK, CMYK, CMYK, CMYK, CMYK, CMYK, CMYK, CMYK, CMYK, CMYK, CMYK, CMYK, CMYK","PROCESS, PROCESS, PROCESS, PROCESS, PROCESS, PROCESS, PROCESS, PROCESS, PROCESS, PROCESS, PROCESS, PROCESS, PROCESS, PROCESS, PROCESS, PROCESS, PROCESS, PROCESS, PROCESS, PROCESS, PROCESS, PROCESS, PROCESS, PROCESS, PROCESS, PROCESS, PROCESS, PROCESS, PROCESS, PROCESS, PROCESS, PROCESS, PROCESS, PROCESS, PROCESS, PROCESS, PROCESS, PROCESS, PROCESS, PROCESS, PROCESS, PROCESS, PROCESS, PROCESS, PROCESS, PROCESS, PROCESS, PROCESS, PROCESS, PROCESS, PROCESS, PROCESS, PROCESS, PROCESS, PROCESS, PROCESS, PROCESS, PROCESS, PROCESS","0.000000, 0.000000, 0.000000, 0.000000, 100.000000, 100.000000, 100.000000, 0.000000, 15.000000, 0.000000, 0.000000, 0.000000, 0.000000, 5.000000, 20.000000, 50.000000, 75.000000, 85.000000, 90.000000, 75.000000, 80.000000, 70.000000, 85.000000, 100.000000, 100.000000, 75.000000, 50.000000, 35.000000, 10.000000, 0.000000, 25.000000, 40.000000, 50.000000, 55.000000, 25.000000, 30.000000, 35.000000, 40.000000, 40.000000, 50.000000, 7.168688, 93.157852, 0.000000, 0.000000, 0.000000, 0.000000, 0.000000, 0.000000, 0.000000, 0.000000, 0.000000, 0.000000, 0.000000, 0.000000, 0.000000, 0.000000, 85.000000, 100.000000, 60.000000","0.000000, 0.000000, 100.000000, 0.000000, 0.000000, 0.000000, 100.000000, 100.000000, 100.000000, 90.000000, 80.000000, 50.000000, 35.000000, 0.000000, 0.000000, 0.000000, 0.000000, 10.000000, 30.000000, 0.000000, 10.000000, 15.000000, 50.000000, 95.000000, 100.000000, 100.000000, 100.000000, 100.000000, 100.000000, 95.000000, 25.000000, 45.000000, 50.000000, 60.000000, 40.000000, 50.000000, 60.000000, 65.000000, 70.000000, 70.000000, 18.146028, 58.687723, 0.000000, 0.000000, 0.000000, 0.000000, 0.000000, 0.000000, 0.000000, 0.000000, 0.000000, 0.000000, 0.000000, 100.000000, 75.000000, 10.000000, 10.000000, 90.000000, 90.000000","0.000000, 0.000000, 100.000000, 100.000000, 100.000000, 0.000000, 0.000000, 0.000000, 90.000000, 85.000000, 95.000000, 100.000000, 85.000000, 90.000000, 100.000000, 100.000000, 100.000000, 100.000000, 95.000000, 75.000000, 45.000000, 0.000000, 0.000000, 5.000000, 25.000000, 0.000000, 0.000000, 35.000000, 50.000000, 20.000000, 40.000000, 50.000000, 60.000000, 65.000000, 65.000000, 75.000000, 80.000000, 90.000000, 100.000000, 80.000000, 92.883188, 34.167999, 0.000000, 0.000000, 0.000000, 0.000000, 0.000000, 0.000000, 0.000000, 0.000000, 0.000000, 0.000000, 0.000000, 100.000000, 100.000000, 95.000000, 100.000000, 0.000000, 0.003100","0.000000, 100.000000, 0.000000, 0.000000, 0.000000, 0.000000, 0.000000, 0.000000, 10.000000, 0.000000, 0.000000, 0.000000, 0.000000, 0.000000, 0.000000, 0.000000, 0.000000, 10.000000, 30.000000, 0.000000, 0.000000, 0.000000, 0.000000, 0.000000, 25.000000, 0.000000, 0.000000, 10.000000, 0.000000, 0.000000, 0.000000, 5.000000, 25.000000, 40.000000, 0.000000, 10.000000, 25.000000, 35.000000, 50.000000, 70.000000, 0.234989, 21.234454, 100.000000, 89.999400, 79.998800, 69.999700, 59.999100, 50.000000, 39.999400, 29.998800, 19.999700, 9.999100, 4.998800, 0.000000, 0.000000, 0.000000, 0.000000, 0.000000, 0.003100","100.000000, 100.000000",,,,,,,,,,,,,,,,,,,,,,,,,,,,,,,,,,,,,,,
75,(75_progr_2_)-programma_politiche_2022.pdf,(75_progr_2_)-programma_politiche_2022.pdf,16274251,644,PDF,PDF,application/pdf,1.4,false,24,,true,,RICOH Aficio MP C4502,RICOH Aficio MP C4502,RICOH Aficio MP C4502,2022:08:13 13:57:29+02:00,2022:08:13 13:57:29+02:00,,,,0,,1,A,,,,,,,,,,,,,,,,,,,,,,,,,,,,,,,,,,,,,,,,,,,,,,,,,,,,,,,,,,,,,,,,,,,,,,,,,,,,,,,,,,,,,,,,,,,,,,,,,,,,,,,
76,(76_progr_2_)-07_-_programma_elettorale.pdf,(76_progr_2_)-07_-_programma_elettorale.pdf,12770645,644,PDF,PDF,application/pdf,1.4,false,5,,,,,,,,,,,,0,,,,,,,,,,,,,,,,,,,,,,,,,,,,,,,,,,,,,,,,,,,,,,,,,,,,,,,,,,,,,,,,,,,,,,,,,,,,,,,,,,,,,,,,,,,,,,,,,,,,,,,,,,
83,(83_progr_2_)-programma_elettorale_a.pdf,(83_progr_2_)-programma_elettorale_a.pdf,6762061,644,PDF,PDF,application/pdf,1.7,false,13,,,"XMP toolkit 2.9.1-13, framework 1.6",GPL Ghostscript 9.53.3,,PDF24 Tools,2022:08:13 17:12:10Z,2022:08:13 17:12:10Z,uuid:9dc0accb-5347-11f8-0000-0bad3b907032,,,0,application/pdf,2,B,,,,,,,,,,,,,,,,,,,,,,,,,,,,,,,,,,,,,,,,,,,,,,,,,,,,,,,,,,,,,,,,,,,,,,,,,,,,,,,,,,,,,,,,,,,,,,,,,,,,,,,
86,(86_progr_2_)-programma.pdf,(86_progr_2_)-programma.pdf,805371,644,PDF,PDF,application/pdf,1.7,false,2,it,true,3-Heights(TM) XMP Library 6.11.0.7 (http://www.pdf-tools.com),iLovePDF,ITALIA SOVRANA E POPOLARE,NAPS2,2022:08:13 22:21:42+02:00,2022:08:13 20:30:38Z,uuid:6642ce0d-72eb-4ef0-8e38-8c418ff5727d,urn:uuid:F227554D-A7E5-4D80-BA9D-D8636726A06B,ITALIA SOVRANA E POPOLARE,96,application/pdf,2,B,PROGRAMMA ELETTORALE DEL GRUPPO POLITICO ITALIA SOVRANA,ELEZIONI DELLA CAMERA DEI DEPUTATI E DEL SENATO DELLA REPUBBLICA,,,,2022:08:13 20:30:38Z,,,converted,urn:uuid:F227554D-A7E5-4D80-BA9D-D8636726A06B,Converted to PDF/A-2b,iLovePDF,2022:08:13 20:30:38Z,,,,,,,,,,,,,,,,,,,,,,,,,,,,,,,,,,,,,,,,,,,,,,,,,,,,,,,,,,,,,,,,,,,,,,,,,,,,,,,,,,,,,,,,,,
88,(88_progr_2_)-programma.pdf,(88_progr_2_)-programma.pdf,462654,644,PDF,PDF,application/pdf,1.4,false,5,,,,Amyuni PDF Converter version 4.5.3.5,,,2022:08:05 17:19:57+02:00,,,,,28,,1,B,atto.pdf,,,,,2022:08:05 17:19:57+02:00,,,,,,,,,,,,,,,,,,,,,,,,,,,,,,,,,,,,,,,,,,,,,,,,,,,,,,,,,,,,,,,,,,,,,,,,,,,,,,,,,,,,,,,,,,,,,,,,,
90,(90_progr_2_)-all_programma_elettorale_partito_animalista_italiano.pdf,(90_progr_2_)-all_programma_elettorale_partito_animalista_italiano.pdf,21441633,644,PDF,PDF,application/pdf,1.3,false,21,,,,,,,,,,,,0,,,,,,,,,,,,,,,,,,,,,,,,,,,,,,,,,,,,,,,,,,,,,,,,,,,,,,,,,,,,,,,,,,,,,,,,,,,,,,,,,,,,,,,,,,,,,,,,,,,,,,,,,,
92,(92_progr_2_)-piu_europa.programma.pdf,(92_progr_2_)-piu_europa.programma.pdf,12405090,644,PDF,PDF,application/pdf,1.4,false,15,,,3-Heights(TM) XMP Library 6.11.0.7 (http://www.pdf-tools.com),iLovePDF,,,2022:08:14 09:40:23Z,2022:08:14 09:45:19Z,,urn:uuid:E132F81C-5C64-4187-A6F7-6C31A247214E,,0,application/pdf,1,B,,,,,,2022:08:14 09:45:19Z,,,converted,urn:uuid:E132F81C-5C64-4187-A6F7-6C31A247214E,Converted to PDF/A-1b,iLovePDF,2022:08:14 09:45:19Z,,,,,,,,,,,,,,,,,,,,,,,,,,,,,,,,,,,,,,,,,,,,,,,,,,,,,,,,,,,,,,,,,,,,,,,,,,,,,,,,,,,,,,,,,,
98,(98_progr_2_)-programma_elettorale_e_dichiarazione_di_assenso_autenticata_20220812_184408.pdf_a.pdf,(98_progr_2_)-programma_elettorale_e_dichiarazione_di_assenso_autenticata_20220812_184408.pdf_a.pdf,3340641,644,PDF,PDF,application/pdf,1.4,false,6,,true,PDFNet,,,,2022:08:12 16:48:40Z,2022:08:12 16:48:40Z,,,,0,,1,A,,,,,,,,,,,,,,,,,,,,,,,,,,,,,,,,,,,,,,,,,,,,,,,,,,,,,,,,,,,,,,,,,Lino,528,mntr,RGB ,XYZ ,1998:02:09 06:49:00,acsp,MSFT,0,IEC ,sRGB,0 0,0,0.9642 1 0.82491,HP  ,0 0 0 0 0 0 0 0 0 0 0 0 0 0 0 0,Copyright (c) 1998 Hewlett-Packard Company,sRGB IEC61966-2.1,0.95045 1 1.08905,0 0 0,0.43607 0.22249 0.01392,0.38515 0.71687 0.09708,0.14307 0.06061 0.7141,IEC http://www.iec.ch,IEC 61966-2.1 Default RGB colour space - sRGB,Reference Viewing Condition in IEC61966-2.1,19.6445 20.3718 16.8089,3.92889 4.07439 3.36179,1,76.03647 80 87.12462,1,0 0 0,0,0.00999,2,CRT ,"(Binary data 2060 bytes, use -b option to extract)","(Binary data 2060 bytes, use -b option to extract)","(Binary data 2060 bytes, use -b option to extract)"
